game_id,filename,bytes,n_frames,gameId_field
894833673,battle_894833673.json,120525,251,894833673
894833674,battle_894833674.json,114725,239,894833674
894854371,battle_894854371.json,96455,205,894854371
894854372,battle_894854372.json,197994,425,894854372
894854395,battle_894854395.json,152326,327,894854395
894854396,battle_894854396.json,126023,269,894854396
894854413,battle_894854413.json,337278,679,894854413
894854414,battle_894854414.json,262610,523,894854414
894854448,battle_894854448.json,137648,297,894854448
894854449,battle_894854449.json,210995,455,894854449
894854473,battle_894854473.json,330707,707,894854473
894854474,battle_894854474.json,104737,225,894854474
894854536,battle_894854536.json,232600,487,894854536
894854537,battle_894854537.json,133796,279,894854537
894854559,battle_894854559.json,218438,475,894854559
894854560,battle_894854560.json,149670,327,894854560
894854645,battle_894854645.json,269747,573,894854645
894854646,battle_894854646.json,268696,563,894854646
894854733,battle_894854733.json,256987,547,894854733
894854734,battle_894854734.json,270589,569,894854734
894854803,battle_894854803.json,381528,815,894854803
894854804,battle_894854804.json,472226,1001,894854804
894854832,battle_894854832.json,200333,433,894854832
894854833,battle_894854833.json,160301,347,894854833
894854882,battle_894854882.json,216926,459,894854882
894854883,battle_894854883.json,268191,563,894854883
894854896,battle_894854896.json,322009,643,894854896
894854897,battle_894854897.json,193934,387,894854897
894854905,battle_894854905.json,117972,257,894854905
894854906,battle_894854906.json,351004,775,894854906
894854914,battle_894854914.json,122301,245,894854914
894854915,battle_894854915.json,162392,327,894854915
894854932,battle_894854932.json,169317,341,894854932
894854933,battle_894854933.json,230969,461,894854933
894854938,battle_894854938.json,247500,549,894854938
894854939,battle_894854939.json,227739,503,894854939
894854957,battle_894854957.json,123279,267,894854957
894854958,battle_894854958.json,135457,293,894854958
894854972,battle_894854972.json,97514,211,894854972
894854973,battle_894854973.json,100571,217,894854973
894854977,battle_894854977.json,157297,339,894854977
894854978,battle_894854978.json,144080,307,894854978
894855031,battle_894855031.json,313319,627,894855031
894855032,battle_894855032.json,396701,795,894855032
894855080,battle_894855080.json,249361,521,894855080
894855081,battle_894855081.json,280249,585,894855081
894855145,battle_894855145.json,119983,261,894855145
894855146,battle_894855146.json,133218,287,894855146
894855174,battle_894855174.json,113882,247,894855174
894855175,battle_894855175.json,113984,251,894855175
894855188,battle_894855188.json,371840,737,894855188
894855189,battle_894855189.json,375223,745,894855189
894855224,battle_894855224.json,188868,375,894855224
894855225,battle_894855225.json,281067,561,894855225
894855311,battle_894855311.json,188280,409,894855311
894855312,battle_894855312.json,172821,373,894855312
894855395,battle_894855395.json,293799,639,894855395
894855396,battle_894855396.json,256061,559,894855396
894855419,battle_894855419.json,200836,435,894855419
894855420,battle_894855420.json,273060,599,894855420
894855445,battle_894855445.json,171963,341,894855445
894855446,battle_894855446.json,138939,277,894855446
894855461,battle_894855461.json,192093,417,894855461
894855462,battle_894855462.json,234967,511,894855462
894855478,battle_894855478.json,270278,545,894855478
894855479,battle_894855479.json,285495,571,894855479
894855548,battle_894855548.json,269781,593,894855548
894855549,battle_894855549.json,193533,423,894855549
894855582,battle_894855582.json,209403,453,894855582
894855583,battle_894855583.json,352017,767,894855583
894855604,battle_894855604.json,252526,507,894855604
894855605,battle_894855605.json,204458,411,894855605
894855690,battle_894855690.json,200289,437,894855690
894855691,battle_894855691.json,106709,233,894855691
894855728,battle_894855728.json,320715,681,894855728
894855729,battle_894855729.json,238590,505,894855729
894855756,battle_894855756.json,113564,239,894855756
894855757,battle_894855757.json,170446,359,894855757
894855780,battle_894855780.json,94656,207,894855780
894855781,battle_894855781.json,169218,369,894855781
894855794,battle_894855794.json,331118,705,894855794
894855795,battle_894855795.json,334767,707,894855795
894855983,battle_894855983.json,253278,551,894855983
894855984,battle_894855984.json,229381,495,894855984
894855996,battle_894855996.json,233556,517,894855996
894855997,battle_894855997.json,279077,615,894855997
894856026,battle_894856026.json,143600,311,894856026
894856027,battle_894856027.json,127857,281,894856027
894856051,battle_894856051.json,139895,291,894856051
894856052,battle_894856052.json,247965,511,894856052
894856069,battle_894856069.json,366845,799,894856069
894856070,battle_894856070.json,254478,551,894856070
894856080,battle_894856080.json,282162,557,894856080
894856081,battle_894856081.json,394630,785,894856081
894856092,battle_894856092.json,246894,515,894856092
894856093,battle_894856093.json,236009,493,894856093
894856114,battle_894856114.json,301379,601,894856114
894856115,battle_894856115.json,378437,745,894856115
894856275,battle_894856275.json,266605,577,894856275
894856276,battle_894856276.json,247832,537,894856276
894856550,battle_894856550.json,146430,317,894856550
894856551,battle_894856551.json,119383,259,894856551
894856575,battle_894856575.json,172736,343,894856575
894856576,battle_894856576.json,332530,663,894856576
894856622,battle_894856622.json,134551,289,894856622
894856623,battle_894856623.json,107761,233,894856623
894856639,battle_894856639.json,106169,231,894856639
894856640,battle_894856640.json,130616,283,894856640
894856658,battle_894856658.json,193225,421,894856658
894856659,battle_894856659.json,111323,243,894856659
894856725,battle_894856725.json,269490,581,894856725
894856726,battle_894856726.json,229758,495,894856726
894856744,battle_894856744.json,325891,691,894856744
894856745,battle_894856745.json,107489,229,894856745
894856767,battle_894856767.json,145445,321,894856767
894856768,battle_894856768.json,165213,361,894856768
894910761,battle_894910761.json,130858,281,894910761
894910762,battle_894910762.json,145314,311,894910762
894923548,battle_894923548.json,253204,529,894923548
894923549,battle_894923549.json,214222,445,894923549
894937682,battle_894937682.json,84361,175,894937682
894937683,battle_894937683.json,135602,281,894937683
894984635,battle_894984635.json,74920,163,894984635
894984636,battle_894984636.json,72750,159,894984636
894984721,battle_894984721.json,243892,509,894984721
894984722,battle_894984722.json,286889,601,894984722
894989316,battle_894989316.json,197350,431,894989316
894989317,battle_894989317.json,224126,491,894989317
894990175,battle_894990175.json,139723,287,894990175
894990176,battle_894990176.json,112010,231,894990176
894992070,battle_894992070.json,187640,409,894992070
894992071,battle_894992071.json,195152,425,894992071
894992807,battle_894992807.json,262093,513,894992807
894992808,battle_894992808.json,280391,549,894992808
894993132,battle_894993132.json,209556,421,894993132
894993133,battle_894993133.json,197454,399,894993133
894993846,battle_894993846.json,190408,417,894993846
894993847,battle_894993847.json,236213,519,894993847
894996087,battle_894996087.json,263768,527,894996087
894996088,battle_894996088.json,318234,633,894996088
894996115,battle_894996115.json,229483,481,894996115
894996116,battle_894996116.json,240226,501,894996116
894996141,battle_894996141.json,196238,413,894996141
894996142,battle_894996142.json,192744,405,894996142
894996218,battle_894996218.json,325920,673,894996218
894996219,battle_894996219.json,230822,477,894996219
894996312,battle_894996312.json,200693,403,894996312
894996313,battle_894996313.json,212710,427,894996313
894996321,battle_894996321.json,263126,533,894996321
894996322,battle_894996322.json,272957,553,894996322
894996351,battle_894996351.json,125072,261,894996351
894996352,battle_894996352.json,88851,185,894996352
895001664,battle_895001664.json,246410,509,895001664
895001665,battle_895001665.json,224364,463,895001665
895006222,battle_895006222.json,174239,363,895006222
895006223,battle_895006223.json,185048,385,895006223
895011382,battle_895011382.json,113137,237,895011382
895011383,battle_895011383.json,115944,243,895011383
895035743,battle_895035743.json,104667,219,895035743
895035744,battle_895035744.json,97070,205,895035744
895040938,battle_895040938.json,128710,275,895040938
895040939,battle_895040939.json,108929,233,895040939
895053122,battle_895053122.json,256150,531,895053122
895053123,battle_895053123.json,226409,471,895053123
895055288,battle_895055288.json,120489,251,895055288
895055289,battle_895055289.json,98732,207,895055289
895068428,battle_895068428.json,270041,543,895068428
895068429,battle_895068429.json,250590,507,895068429
895068467,battle_895068467.json,168935,335,895068467
895068468,battle_895068468.json,160268,317,895068468
895068493,battle_895068493.json,256838,511,895068493
895068494,battle_895068494.json,220817,439,895068494
895068593,battle_895068593.json,104063,209,895068593
895068594,battle_895068594.json,168128,339,895068594
895068744,battle_895068744.json,228016,461,895068744
895068745,battle_895068745.json,137443,279,895068745
895068789,battle_895068789.json,274582,553,895068789
895068790,battle_895068790.json,304254,615,895068790
895112603,battle_895112603.json,165481,333,895112603
895112604,battle_895112604.json,151578,307,895112604
895114523,battle_895114523.json,229282,483,895114523
895114524,battle_895114524.json,249890,523,895114524
895114558,battle_895114558.json,178404,359,895114558
895114559,battle_895114559.json,167223,337,895114559
895114589,battle_895114589.json,278656,579,895114589
895114590,battle_895114590.json,328927,679,895114590
895114980,battle_895114980.json,183776,383,895114980
895114981,battle_895114981.json,173727,359,895114981
895115487,battle_895115487.json,110302,233,895115487
895115488,battle_895115488.json,88501,185,895115488
895115717,battle_895115717.json,162169,339,895115717
895115718,battle_895115718.json,110513,231,895115718
895115798,battle_895115798.json,224859,473,895115798
895115799,battle_895115799.json,232935,489,895115799
895116147,battle_895116147.json,204470,411,895116147
895116148,battle_895116148.json,195666,393,895116148
895116272,battle_895116272.json,255349,513,895116272
895116273,battle_895116273.json,254477,513,895116273
895127662,battle_895127662.json,228201,497,895127662
895127663,battle_895127663.json,263857,579,895127663
895127664,battle_895127664.json,217989,475,895127664
895127665,battle_895127665.json,241893,529,895127665
895127666,battle_895127666.json,175608,383,895127666
895127667,battle_895127667.json,177987,389,895127667
895127668,battle_895127668.json,104432,225,895127668
895127669,battle_895127669.json,97752,211,895127669
895127670,battle_895127670.json,182768,375,895127670
895127671,battle_895127671.json,180497,377,895127671
895127672,battle_895127672.json,113314,231,895127672
895127673,battle_895127673.json,125025,255,895127673
895127674,battle_895127674.json,191865,415,895127674
895127675,battle_895127675.json,188965,409,895127675
895127676,battle_895127676.json,89745,195,895127676
895127677,battle_895127677.json,94289,205,895127677
895127678,battle_895127678.json,185929,389,895127678
895127679,battle_895127679.json,186680,391,895127679
895127680,battle_895127680.json,182625,395,895127680
895127681,battle_895127681.json,2162,3,895127681
895127735,battle_895127735.json,73733,161,895127735
895127736,battle_895127736.json,118896,255,895127736
895127751,battle_895127751.json,183604,399,895127751
895127752,battle_895127752.json,216975,471,895127752
895127776,battle_895127776.json,148407,323,895127776
895127777,battle_895127777.json,121061,265,895127777
895127805,battle_895127805.json,187287,403,895127805
895127806,battle_895127806.json,147672,315,895127806
895127848,battle_895127848.json,180908,379,895127848
895127849,battle_895127849.json,170816,357,895127849
895127881,battle_895127881.json,108108,233,895127881
895127882,battle_895127882.json,97733,213,895127882
895127902,battle_895127902.json,221809,483,895127902
895127903,battle_895127903.json,232838,509,895127903
895127946,battle_895127946.json,209483,455,895127946
895127947,battle_895127947.json,239958,521,895127947
895128001,battle_895128001.json,88642,167,895128001
895128002,battle_895128002.json,114654,217,895128002
895128021,battle_895128021.json,80975,169,895128021
895128022,battle_895128022.json,85614,179,895128022
895128038,battle_895128038.json,149231,325,895128038
895128039,battle_895128039.json,122789,267,895128039
895128078,battle_895128078.json,334787,733,895128078
895128079,battle_895128079.json,298675,649,895128079
895128133,battle_895128133.json,180206,389,895128133
895128134,battle_895128134.json,236038,509,895128134
895128168,battle_895128168.json,70715,153,895128168
895128169,battle_895128169.json,130353,283,895128169
895128189,battle_895128189.json,240554,501,895128189
895128190,battle_895128190.json,239386,499,895128190
895128317,battle_895128317.json,84076,159,895128317
895128321,battle_895128321.json,146315,279,895128321
895128452,battle_895128452.json,235784,499,895128452
895128453,battle_895128453.json,264937,555,895128453
895128688,battle_895128688.json,135432,281,895128688
895128689,battle_895128689.json,114688,235,895128689
895128722,battle_895128722.json,165489,315,895128722
895128723,battle_895128723.json,121675,231,895128723
895128821,battle_895128821.json,375278,713,895128821
895128822,battle_895128822.json,51447,97,895128822
895129024,battle_895129024.json,72128,157,895129024
895129025,battle_895129025.json,84065,183,895129025
895129080,battle_895129080.json,182662,399,895129080
895129081,battle_895129081.json,103584,223,895129081
895129193,battle_895129193.json,313890,687,895129193
895129194,battle_895129194.json,346980,757,895129194
895129360,battle_895129360.json,316806,657,895129360
895129361,battle_895129361.json,280603,581,895129361
895129539,battle_895129539.json,228254,497,895129539
895129540,battle_895129540.json,277245,607,895129540
895129694,battle_895129694.json,82614,157,895129694
895129695,battle_895129695.json,109780,209,895129695
895129744,battle_895129744.json,126702,277,895129744
895129745,battle_895129745.json,96381,209,895129745
895129822,battle_895129822.json,240044,519,895129822
895129823,battle_895129823.json,203172,445,895129823
895129982,battle_895129982.json,168755,349,895129982
895129983,battle_895129983.json,255519,527,895129983
895130119,battle_895130119.json,138360,301,895130119
895130120,battle_895130120.json,163627,355,895130120
895130236,battle_895130236.json,246927,537,895130236
895130237,battle_895130237.json,236667,513,895130237
895130386,battle_895130386.json,130807,237,895130386
895130387,battle_895130387.json,152179,275,895130387
895130468,battle_895130468.json,270815,593,895130468
895130469,battle_895130469.json,258679,565,895130469
895130634,battle_895130634.json,237429,461,895130634
895130635,battle_895130635.json,292370,567,895130635
895130792,battle_895130792.json,181678,381,895130792
895130793,battle_895130793.json,175857,369,895130793
895130891,battle_895130891.json,272371,595,895130891
895130892,battle_895130892.json,242587,531,895130892
895131046,battle_895131046.json,175330,383,895131046
895131047,battle_895131047.json,180920,395,895131047
895131147,battle_895131147.json,264178,503,895131147
895131148,battle_895131148.json,217822,415,895131148
895131279,battle_895131279.json,143412,311,895131279
895131280,battle_895131280.json,91984,199,895131280
895131323,battle_895131323.json,194624,407,895131323
895131324,battle_895131324.json,172737,363,895131324
895131343,battle_895131343.json,323620,709,895131343
895131344,battle_895131344.json,330015,721,895131344
895131448,battle_895131448.json,11848,23,895131448
895131449,battle_895131449.json,184348,403,895131449
895131539,battle_895131539.json,160847,337,895131539
895131540,battle_895131540.json,135551,281,895131540
895131549,battle_895131549.json,284007,563,895131549
895131550,battle_895131550.json,177398,355,895131550
895131629,battle_895131629.json,192585,417,895131629
895131630,battle_895131630.json,207954,451,895131630
895131690,battle_895131690.json,156786,293,895131690
895131691,battle_895131691.json,224615,419,895131691
895131716,battle_895131716.json,280039,615,895131716
895131717,battle_895131717.json,232651,505,895131717
895131782,battle_895131782.json,130080,285,895131782
895131783,battle_895131783.json,173659,377,895131783
895131839,battle_895131839.json,272048,587,895131839
895131840,battle_895131840.json,219052,475,895131840
895131867,battle_895131867.json,295235,639,895131867
895131868,battle_895131868.json,288642,631,895131868
895131884,battle_895131884.json,210504,403,895131884
895131885,battle_895131885.json,269234,515,895131885
895131906,battle_895131906.json,301126,651,895131906
895131907,battle_895131907.json,245920,527,895131907
895131936,battle_895131936.json,90991,193,895131936
895131937,battle_895131937.json,114512,247,895131937
895131953,battle_895131953.json,173311,377,895131953
895131954,battle_895131954.json,134104,289,895131954
895131957,battle_895131957.json,187621,381,895131957
895131958,battle_895131958.json,167668,343,895131958
895131971,battle_895131971.json,220351,485,895131971
895131972,battle_895131972.json,259147,569,895131972
895132002,battle_895132002.json,121741,267,895132002
895132003,battle_895132003.json,128080,281,895132003
895132017,battle_895132017.json,230979,501,895132017
895132018,battle_895132018.json,198316,429,895132018
895132025,battle_895132025.json,251298,529,895132025
895132027,battle_895132027.json,270892,561,895132027
895132054,battle_895132054.json,177610,387,895132054
895132055,battle_895132055.json,145654,319,895132055
895132083,battle_895132083.json,123253,257,895132083
895132084,battle_895132084.json,88123,185,895132084
895132091,battle_895132091.json,292029,625,895132091
895132092,battle_895132092.json,215835,461,895132092
895132117,battle_895132117.json,383806,817,895132117
895132118,battle_895132118.json,325922,691,895132118
895132134,battle_895132134.json,196246,427,895132134
895132135,battle_895132135.json,211006,465,895132135
895132158,battle_895132158.json,248725,539,895132158
895132159,battle_895132159.json,218849,475,895132159
895132188,battle_895132188.json,163759,359,895132188
895132189,battle_895132189.json,153972,335,895132189
895132223,battle_895132223.json,269701,583,895132223
895132224,battle_895132224.json,306973,663,895132224
895132242,battle_895132242.json,209781,437,895132242
895132243,battle_895132243.json,269707,563,895132243
895132290,battle_895132290.json,100193,189,895132290
895132291,battle_895132291.json,170400,325,895132291
895132313,battle_895132313.json,273255,539,895132313
895132314,battle_895132314.json,334756,667,895132314
895132316,battle_895132316.json,311008,681,895132316
895132317,battle_895132317.json,315532,687,895132317
895132397,battle_895132397.json,271252,577,895132397
895132398,battle_895132398.json,354417,757,895132398
895132405,battle_895132405.json,165780,315,895132405
895132406,battle_895132406.json,159166,305,895132406
895132437,battle_895132437.json,203842,445,895132437
895132438,battle_895132438.json,288923,627,895132438
895132466,battle_895132466.json,279905,589,895132466
895132467,battle_895132467.json,178018,373,895132467
895132494,battle_895132494.json,112540,239,895132494
895132495,battle_895132495.json,99680,213,895132495
895132524,battle_895132524.json,199309,439,895132524
895132525,battle_895132525.json,195858,431,895132525
895132530,battle_895132530.json,235461,473,895132530
895132531,battle_895132531.json,502135,1001,895132531
895132580,battle_895132580.json,122418,265,895132580
895132581,battle_895132581.json,224125,477,895132581
895132629,battle_895132629.json,240563,519,895132629
895132630,battle_895132630.json,207680,445,895132630
895132637,battle_895132637.json,310890,621,895132637
895132638,battle_895132638.json,288986,579,895132638
895132676,battle_895132676.json,273722,593,895132676
895132677,battle_895132677.json,181425,397,895132677
895132723,battle_895132723.json,245271,469,895132723
895132724,battle_895132724.json,240123,457,895132724
895132759,battle_895132759.json,91334,197,895132759
895132760,battle_895132760.json,127178,275,895132760
895132804,battle_895132804.json,217421,475,895132804
895132805,battle_895132805.json,239607,519,895132805
895132898,battle_895132898.json,158170,343,895132898
895132899,battle_895132899.json,127274,279,895132899
895132915,battle_895132915.json,118185,219,895132915
895132916,battle_895132916.json,128685,243,895132916
895132958,battle_895132958.json,215369,469,895132958
895132959,battle_895132959.json,195100,425,895132959
895132962,battle_895132962.json,105919,221,895132962
895132963,battle_895132963.json,279748,589,895132963
895133015,battle_895133015.json,126189,271,895133015
895133016,battle_895133016.json,158250,341,895133016
895133037,battle_895133037.json,232688,495,895133037
895133038,battle_895133038.json,223931,475,895133038
895133052,battle_895133052.json,91961,199,895133052
895133053,battle_895133053.json,174907,381,895133053
895133104,battle_895133104.json,174249,381,895133104
895133105,battle_895133105.json,188938,413,895133105
895133158,battle_895133158.json,208335,451,895133158
895133159,battle_895133159.json,228047,491,895133159
895133185,battle_895133185.json,264405,527,895133185
895133186,battle_895133186.json,302940,609,895133186
895133205,battle_895133205.json,110461,239,895133205
895133206,battle_895133206.json,118630,257,895133206
895133255,battle_895133255.json,344025,659,895133255
895133256,battle_895133256.json,326487,627,895133256
895133288,battle_895133288.json,113251,243,895133288
895133289,battle_895133289.json,126270,273,895133289
895133319,battle_895133319.json,233778,519,895133319
895133320,battle_895133320.json,279640,615,895133320
895133339,battle_895133339.json,186961,407,895133339
895133340,battle_895133340.json,222184,483,895133340
895133426,battle_895133426.json,233182,507,895133426
895133427,battle_895133427.json,275625,603,895133427
895133483,battle_895133483.json,125137,237,895133483
895133484,battle_895133484.json,134976,255,895133484
895133512,battle_895133512.json,291173,631,895133512
895133513,battle_895133513.json,282633,615,895133513
895133590,battle_895133590.json,205045,447,895133590
895133591,battle_895133591.json,342803,749,895133591
895133607,battle_895133607.json,183556,401,895133607
895133608,battle_895133608.json,271944,593,895133608
895133660,battle_895133660.json,133294,287,895133660
895133661,battle_895133661.json,154067,335,895133661
895133705,battle_895133705.json,79991,173,895133705
895133706,battle_895133706.json,107707,235,895133706
895133719,battle_895133719.json,165817,363,895133719
895133720,battle_895133720.json,118339,257,895133720
895133753,battle_895133753.json,255953,545,895133753
895133754,battle_895133754.json,212534,453,895133754
895133791,battle_895133791.json,387882,853,895133791
895133792,battle_895133792.json,331325,729,895133792
895133879,battle_895133879.json,150134,329,895133879
895133880,battle_895133880.json,128365,281,895133880
895133909,battle_895133909.json,250692,543,895133909
895133910,battle_895133910.json,187761,411,895133910
895133947,battle_895133947.json,319867,701,895133947
895133948,battle_895133948.json,192159,423,895133948
895133966,battle_895133966.json,365887,725,895133966
895133967,battle_895133967.json,329903,657,895133967
895134004,battle_895134004.json,199705,437,895134004
895134005,battle_895134005.json,204077,445,895134005
895134027,battle_895134027.json,172450,373,895134027
895134028,battle_895134028.json,157742,337,895134028
895134042,battle_895134042.json,219882,477,895134042
895134043,battle_895134043.json,302324,659,895134043
895134046,battle_895134046.json,447357,895,895134046
895134047,battle_895134047.json,503023,1001,895134047
895134099,battle_895134099.json,117202,257,895134099
895134100,battle_895134100.json,140678,303,895134100
895134128,battle_895134128.json,86831,189,895134128
895134129,battle_895134129.json,116670,253,895134129
895134152,battle_895134152.json,165896,361,895134152
895134153,battle_895134153.json,117675,257,895134153
895134176,battle_895134176.json,320433,695,895134176
895134177,battle_895134177.json,311974,673,895134177
895134239,battle_895134239.json,260076,561,895134239
895134240,battle_895134240.json,240806,521,895134240
895134285,battle_895134285.json,198671,431,895134285
895134286,battle_895134286.json,196244,427,895134286
895134322,battle_895134322.json,262616,551,895134322
895134323,battle_895134323.json,224109,471,895134323
895134341,battle_895134341.json,367446,765,895134341
895134342,battle_895134342.json,110239,233,895134342
895134403,battle_895134403.json,325400,691,895134403
895134404,battle_895134404.json,277520,593,895134404
895134507,battle_895134507.json,402188,803,895134507
895134508,battle_895134508.json,335569,675,895134508
895134573,battle_895134573.json,292317,617,895134573
895134574,battle_895134574.json,105273,219,895134574
895134616,battle_895134616.json,218049,457,895134616
895134617,battle_895134617.json,258343,547,895134617
895134691,battle_895134691.json,164610,355,895134691
895134692,battle_895134692.json,185161,399,895134692
895134737,battle_895134737.json,359015,717,895134737
895134738,battle_895134738.json,260039,523,895134738
895134799,battle_895134799.json,149114,315,895134799
895134800,battle_895134800.json,129539,271,895134800
895134902,battle_895134902.json,223071,453,895134902
895134903,battle_895134903.json,198186,397,895134903
895134946,battle_895134946.json,110817,231,895134946
895134947,battle_895134947.json,176681,363,895134947
895134988,battle_895134988.json,214715,453,895134988
895134989,battle_895134989.json,155715,327,895134989
895135027,battle_895135027.json,251947,503,895135027
895135028,battle_895135028.json,289188,573,895135028
895135141,battle_895135141.json,230629,501,895135141
895135142,battle_895135142.json,193483,421,895135142
895135215,battle_895135215.json,367010,775,895135215
895135216,battle_895135216.json,433176,925,895135216
895135522,battle_895135522.json,305224,647,895135522
895135523,battle_895135523.json,424114,905,895135523
895135702,battle_895135702.json,267018,577,895135702
895135703,battle_895135703.json,280472,607,895135703
895136278,battle_895136278.json,251925,549,895136278
895136279,battle_895136279.json,228356,497,895136279
895136886,battle_895136886.json,237682,511,895136886
895136887,battle_895136887.json,246191,537,895136887
895137052,battle_895137052.json,183791,387,895137052
895137053,battle_895137053.json,188794,393,895137053
895137426,battle_895137426.json,244693,531,895137426
895137427,battle_895137427.json,290632,639,895137427
895137844,battle_895137844.json,28190,57,895137844
895137845,battle_895137845.json,415867,883,895137845
895138092,battle_895138092.json,269056,585,895138092
895138093,battle_895138093.json,241008,523,895138093
895138198,battle_895138198.json,219275,437,895138198
895138199,battle_895138199.json,222691,441,895138199
895138509,battle_895138509.json,295016,633,895138509
895138510,battle_895138510.json,230705,487,895138510
895138708,battle_895138708.json,205415,451,895138708
895138709,battle_895138709.json,195538,427,895138709
895139023,battle_895139023.json,150689,283,895139023
895139024,battle_895139024.json,194172,369,895139024
895139263,battle_895139263.json,171576,349,895139263
895139264,battle_895139264.json,194810,399,895139264
895139626,battle_895139626.json,334327,723,895139626
895139627,battle_895139627.json,139523,307,895139627
895139770,battle_895139770.json,193556,387,895139770
895139771,battle_895139771.json,259288,519,895139771
895210433,battle_895210433.json,181753,379,895210433
895210434,battle_895210434.json,159203,331,895210434
895322998,battle_895322998.json,131973,245,895322998
895322999,battle_895322999.json,356769,671,895322999
895323138,battle_895323138.json,169749,319,895323138
895323139,battle_895323139.json,187741,357,895323139
895323510,battle_895323510.json,221988,417,895323510
895323511,battle_895323511.json,424646,801,895323511
895323769,battle_895323769.json,438472,825,895323769
895323770,battle_895323770.json,130981,247,895323770
895323864,battle_895323864.json,291194,557,895323864
895323865,battle_895323865.json,296600,567,895323865
895324244,battle_895324244.json,187588,347,895324244
895324245,battle_895324245.json,149204,275,895324245
895324401,battle_895324401.json,202802,393,895324401
895324402,battle_895324402.json,294978,567,895324402
895324936,battle_895324936.json,165078,315,895324936
895324937,battle_895324937.json,193335,369,895324937
895325172,battle_895325172.json,137096,255,895325172
895325173,battle_895325173.json,364800,685,895325173
895325569,battle_895325569.json,224358,419,895325569
895325570,battle_895325570.json,162689,307,895325570
895326485,battle_895326485.json,233216,443,895326485
895326486,battle_895326486.json,209895,399,895326486
895327039,battle_895327039.json,272314,525,895327039
895327040,battle_895327040.json,271796,521,895327040
895328578,battle_895328578.json,106144,201,895328578
895328579,battle_895328579.json,190004,365,895328579
895328645,battle_895328645.json,405177,689,895328645
895328646,battle_895328646.json,208264,353,895328646
895328780,battle_895328780.json,174918,313,895328780
895328781,battle_895328781.json,168320,303,895328781
895329077,battle_895329077.json,306650,583,895329077
895329078,battle_895329078.json,298649,569,895329078
895329109,battle_895329109.json,210922,405,895329109
895329110,battle_895329110.json,217489,415,895329110
895329240,battle_895329240.json,328675,593,895329240
895329241,battle_895329241.json,293985,531,895329241
895329312,battle_895329312.json,165076,309,895329312
895329313,battle_895329313.json,193292,361,895329313
895329714,battle_895329714.json,124079,235,895329714
895329715,battle_895329715.json,189783,361,895329715
895329755,battle_895329755.json,227851,431,895329755
895329756,battle_895329756.json,365294,695,895329756
895336503,battle_895336503.json,125167,229,895336503
895336504,battle_895336504.json,143702,261,895336504
895336524,battle_895336524.json,141709,265,895336524
895336525,battle_895336525.json,206644,389,895336525
895336843,battle_895336843.json,152443,291,895336843
895336844,battle_895336844.json,118115,227,895336844
895337082,battle_895337082.json,214327,407,895337082
895337083,battle_895337083.json,295173,561,895337083
895337260,battle_895337260.json,302063,577,895337260
895337261,battle_895337261.json,419706,797,895337261
895337331,battle_895337331.json,360978,615,895337331
895337332,battle_895337332.json,336073,571,895337332
895337560,battle_895337560.json,391660,737,895337560
895337561,battle_895337561.json,296824,559,895337561
895337669,battle_895337669.json,351326,659,895337669
895337670,battle_895337670.json,269449,509,895337670
895338026,battle_895338026.json,116913,219,895338026
895338027,battle_895338027.json,119169,221,895338027
895338057,battle_895338057.json,465951,891,895338057
895338058,battle_895338058.json,471663,905,895338058
895338380,battle_895338380.json,247337,467,895338380
895338381,battle_895338381.json,138861,257,895338381
895338647,battle_895338647.json,315959,587,895338647
895338648,battle_895338648.json,350440,649,895338648
895338695,battle_895338695.json,505577,965,895338695
895338696,battle_895338696.json,120776,227,895338696
895338806,battle_895338806.json,244231,461,895338806
895338807,battle_895338807.json,509598,959,895338807
895339078,battle_895339078.json,433758,821,895339078
895339079,battle_895339079.json,353802,669,895339079
895339131,battle_895339131.json,156624,289,895339131
895339132,battle_895339132.json,136361,251,895339132
895339189,battle_895339189.json,260170,493,895339189
895339190,battle_895339190.json,292640,555,895339190
895339214,battle_895339214.json,214461,407,895339214
895339215,battle_895339215.json,189171,359,895339215
895339271,battle_895339271.json,373607,683,895339271
895339272,battle_895339272.json,139324,257,895339272
895339345,battle_895339345.json,440492,835,895339345
895339346,battle_895339346.json,107070,201,895339346
895339585,battle_895339585.json,268395,477,895339585
895339586,battle_895339586.json,177017,313,895339586
895339684,battle_895339684.json,209843,397,895339684
895339685,battle_895339685.json,168337,323,895339685
895339914,battle_895339914.json,450228,833,895339914
895339915,battle_895339915.json,125792,229,895339915
895340085,battle_895340085.json,191024,363,895340085
895340086,battle_895340086.json,154774,297,895340086
895340152,battle_895340152.json,374474,689,895340152
895340153,battle_895340153.json,363210,669,895340153
895341238,battle_895341238.json,105294,201,895341238
895341239,battle_895341239.json,175986,335,895341239
895341273,battle_895341273.json,340663,637,895341273
895341274,battle_895341274.json,427652,799,895341274
895341298,battle_895341298.json,312812,601,895341298
895341299,battle_895341299.json,240324,461,895341299
895341413,battle_895341413.json,195388,373,895341413
895341414,battle_895341414.json,174517,333,895341414
895341493,battle_895341493.json,246699,471,895341493
895341494,battle_895341494.json,244455,467,895341494
895341534,battle_895341534.json,299056,525,895341534
895341535,battle_895341535.json,204841,359,895341535
895342199,battle_895342199.json,217261,413,895342199
895342200,battle_895342200.json,157995,303,895342200
895342238,battle_895342238.json,212393,407,895342238
895342239,battle_895342239.json,271063,519,895342239
895342409,battle_895342409.json,222631,425,895342409
895342410,battle_895342410.json,295197,567,895342410
895342564,battle_895342564.json,178983,341,895342564
895342565,battle_895342565.json,155585,295,895342565
895342578,battle_895342578.json,259737,491,895342578
895342579,battle_895342579.json,270233,507,895342579
895342652,battle_895342652.json,322636,617,895342652
895342653,battle_895342653.json,195885,375,895342653
895342736,battle_895342736.json,147627,253,895342736
895342737,battle_895342737.json,148418,253,895342737
895343339,battle_895343339.json,164558,301,895343339
895343340,battle_895343340.json,139706,253,895343340
895344144,battle_895344144.json,248252,475,895344144
895344145,battle_895344145.json,130855,247,895344145
895344202,battle_895344202.json,492892,933,895344202
895344203,battle_895344203.json,464550,883,895344203
895344254,battle_895344254.json,225986,431,895344254
895344255,battle_895344255.json,212842,407,895344255
895344326,battle_895344326.json,232729,435,895344326
895344327,battle_895344327.json,261635,493,895344327
895344366,battle_895344366.json,143678,255,895344366
895344367,battle_895344367.json,126329,227,895344367
895344525,battle_895344525.json,413703,791,895344525
895344526,battle_895344526.json,342989,655,895344526
895344628,battle_895344628.json,207352,387,895344628
895344629,battle_895344629.json,302336,561,895344629
895344730,battle_895344730.json,149121,279,895344730
895344731,battle_895344731.json,350724,661,895344731
895344923,battle_895344923.json,241579,445,895344923
895344924,battle_895344924.json,310346,573,895344924
895344955,battle_895344955.json,231071,439,895344955
895344956,battle_895344956.json,327844,625,895344956
895345041,battle_895345041.json,271059,515,895345041
895345042,battle_895345042.json,408109,775,895345042
895345070,battle_895345070.json,282727,541,895345070
895345071,battle_895345071.json,140293,267,895345071
895345095,battle_895345095.json,341179,645,895345095
895345096,battle_895345096.json,284129,541,895345096
895345154,battle_895345154.json,135890,249,895345154
895345155,battle_895345155.json,288762,529,895345155
895345236,battle_895345236.json,315432,589,895345236
895345237,battle_895345237.json,421672,795,895345237
895345570,battle_895345570.json,279313,523,895345570
895345571,battle_895345571.json,169362,321,895345571
895345766,battle_895345766.json,321961,613,895345766
895345767,battle_895345767.json,326143,623,895345767
895345822,battle_895345822.json,320197,603,895345822
895345823,battle_895345823.json,292281,551,895345823
895345906,battle_895345906.json,367304,621,895345906
895345907,battle_895345907.json,388050,657,895345907
895345944,battle_895345944.json,160719,303,895345944
895345945,battle_895345945.json,153134,293,895345945
895345954,battle_895345954.json,277134,527,895345954
895345955,battle_895345955.json,274300,525,895345955
895346028,battle_895346028.json,182818,347,895346028
895346029,battle_895346029.json,248980,475,895346029
895346152,battle_895346152.json,158668,303,895346152
895346153,battle_895346153.json,176357,333,895346153
895346194,battle_895346194.json,268911,515,895346194
895346195,battle_895346195.json,294021,561,895346195
895346241,battle_895346241.json,203341,387,895346241
895346242,battle_895346242.json,229802,439,895346242
895346357,battle_895346357.json,318940,607,895346357
895346358,battle_895346358.json,340296,647,895346358
895346515,battle_895346515.json,225322,427,895346515
895346516,battle_895346516.json,210764,401,895346516
895346539,battle_895346539.json,418465,805,895346539
895346540,battle_895346540.json,272457,523,895346540
895353477,battle_895353477.json,156869,331,895353477
895353478,battle_895353478.json,169910,357,895353478
895375769,battle_895375769.json,241043,461,895375769
895375770,battle_895375770.json,111216,211,895375770
895376367,battle_895376367.json,369158,707,895376367
895376368,battle_895376368.json,316370,607,895376368
895376841,battle_895376841.json,386718,733,895376841
895376842,battle_895376842.json,346023,657,895376842
895376909,battle_895376909.json,197236,377,895376909
895376910,battle_895376910.json,259479,497,895376910
895377120,battle_895377120.json,358149,679,895377120
895377121,battle_895377121.json,138660,261,895377121
895377302,battle_895377302.json,331054,611,895377302
895377303,battle_895377303.json,546736,1001,895377303
895377447,battle_895377447.json,186275,353,895377447
895377448,battle_895377448.json,296074,557,895377448
895377510,battle_895377510.json,310426,579,895377510
895377511,battle_895377511.json,279269,521,895377511
895377608,battle_895377608.json,398861,757,895377608
895377609,battle_895377609.json,118089,223,895377609
895377703,battle_895377703.json,128267,243,895377703
895377705,battle_895377705.json,186516,353,895377705
895377943,battle_895377943.json,322850,613,895377943
895377944,battle_895377944.json,330021,625,895377944
895378199,battle_895378199.json,173691,293,895378199
895378200,battle_895378200.json,132901,225,895378200
895378257,battle_895378257.json,120079,221,895378257
895378258,battle_895378258.json,374999,703,895378258
895378957,battle_895378957.json,270124,513,895378957
895378958,battle_895378958.json,177486,335,895378958
895379413,battle_895379413.json,309928,591,895379413
895379414,battle_895379414.json,256289,495,895379414
895379449,battle_895379449.json,183979,349,895379449
895379450,battle_895379450.json,164590,311,895379450
895379518,battle_895379518.json,115290,221,895379518
895379519,battle_895379519.json,124107,235,895379519
895379714,battle_895379714.json,270155,517,895379714
895379715,battle_895379715.json,225585,433,895379715
895379781,battle_895379781.json,139889,257,895379781
895379782,battle_895379782.json,234865,433,895379782
895379904,battle_895379904.json,208605,399,895379904
895379905,battle_895379905.json,122365,235,895379905
895380061,battle_895380061.json,348761,665,895380061
895380062,battle_895380062.json,363886,693,895380062
895380130,battle_895380130.json,288762,527,895380130
895380131,battle_895380131.json,278560,507,895380131
895380221,battle_895380221.json,525606,1001,895380221
895380222,battle_895380222.json,417116,791,895380222
895380314,battle_895380314.json,295045,561,895380314
895380315,battle_895380315.json,323381,611,895380315
895380399,battle_895380399.json,275451,523,895380399
895380400,battle_895380400.json,167209,319,895380400
895380497,battle_895380497.json,129995,247,895380497
895380498,battle_895380498.json,297621,561,895380498
895380816,battle_895380816.json,347230,661,895380816
895380817,battle_895380817.json,220069,423,895380817
895380858,battle_895380858.json,144091,259,895380858
895380859,battle_895380859.json,139170,249,895380859
895381306,battle_895381306.json,213551,407,895381306
895381307,battle_895381307.json,227253,433,895381307
895381358,battle_895381358.json,427047,785,895381358
895381359,battle_895381359.json,194262,355,895381359
895381908,battle_895381908.json,283013,539,895381908
895381909,battle_895381909.json,197937,379,895381909
895382419,battle_895382419.json,467757,891,895382419
895382420,battle_895382420.json,334984,639,895382420
895395881,battle_895395881.json,226500,499,895395881
895395882,battle_895395882.json,196233,431,895395882
895412774,battle_895412774.json,221510,479,895412774
895412775,battle_895412775.json,234583,503,895412775
895421201,battle_895421201.json,130446,249,895421201
895421202,battle_895421202.json,290404,557,895421202
895421203,battle_895421203.json,227405,433,895421203
895421204,battle_895421204.json,262367,501,895421204
895421205,battle_895421205.json,91553,173,895421205
895421206,battle_895421206.json,93176,175,895421206
895421207,battle_895421207.json,102493,197,895421207
895421208,battle_895421208.json,102188,195,895421208
895421209,battle_895421209.json,285188,547,895421209
895421210,battle_895421210.json,297446,571,895421210
895421211,battle_895421211.json,86117,161,895421211
895421212,battle_895421212.json,125068,237,895421212
895421213,battle_895421213.json,179616,345,895421213
895421214,battle_895421214.json,270931,517,895421214
895421215,battle_895421215.json,106934,201,895421215
895421216,battle_895421216.json,226443,433,895421216
895421217,battle_895421217.json,270513,517,895421217
895421218,battle_895421218.json,141059,269,895421218
895421219,battle_895421219.json,6546,11,895421219
895421220,battle_895421220.json,4404,7,895421220
895421258,battle_895421258.json,202483,385,895421258
895421259,battle_895421259.json,243454,461,895421259
895421317,battle_895421317.json,175909,331,895421317
895421318,battle_895421318.json,187334,351,895421318
895421360,battle_895421360.json,275699,495,895421360
895421361,battle_895421361.json,242088,435,895421361
895421388,battle_895421388.json,181200,343,895421388
895421389,battle_895421389.json,202146,387,895421389
895421431,battle_895421431.json,114929,217,895421431
895421432,battle_895421432.json,108170,207,895421432
895421448,battle_895421448.json,167620,317,895421448
895421449,battle_895421449.json,179643,339,895421449
895421491,battle_895421491.json,200104,381,895421491
895421492,battle_895421492.json,220527,423,895421492
895421537,battle_895421537.json,109288,209,895421537
895421538,battle_895421538.json,103012,197,895421538
895421560,battle_895421560.json,510373,937,895421560
895421561,battle_895421561.json,412820,755,895421561
895421664,battle_895421664.json,304082,577,895421664
895421665,battle_895421665.json,297995,565,895421665
895421744,battle_895421744.json,432305,833,895421744
895421745,battle_895421745.json,288682,555,895421745
895421825,battle_895421825.json,191713,367,895421825
895421826,battle_895421826.json,153969,293,895421826
895421860,battle_895421860.json,186629,357,895421860
895421861,battle_895421861.json,199837,381,895421861
895421889,battle_895421889.json,352584,667,895421889
895421892,battle_895421892.json,301512,571,895421892
895421957,battle_895421957.json,338083,637,895421957
895421958,battle_895421958.json,370563,705,895421958
895422016,battle_895422016.json,203810,367,895422016
895422017,battle_895422017.json,160193,291,895422017
895422042,battle_895422042.json,130744,243,895422042
895422043,battle_895422043.json,241753,451,895422043
895422087,battle_895422087.json,322469,605,895422087
895422088,battle_895422088.json,219211,411,895422088
895422123,battle_895422123.json,428830,821,895422123
895422124,battle_895422124.json,262450,501,895422124
895422186,battle_895422186.json,383327,729,895422186
895422187,battle_895422187.json,317643,607,895422187
895422226,battle_895422226.json,232838,417,895422226
895422227,battle_895422227.json,208686,375,895422227
895422256,battle_895422256.json,221931,401,895422256
895422257,battle_895422257.json,178342,325,895422257
895422282,battle_895422282.json,116808,217,895422282
895422283,battle_895422283.json,221837,423,895422283
895422312,battle_895422312.json,130428,249,895422312
895422313,battle_895422313.json,290216,553,895422313
895422350,battle_895422350.json,290046,545,895422350
895422351,battle_895422351.json,335732,629,895422351
895422410,battle_895422410.json,269256,485,895422410
895422411,battle_895422411.json,310143,555,895422411
895422451,battle_895422451.json,231048,441,895422451
895422452,battle_895422452.json,189705,361,895422452
895422480,battle_895422480.json,161151,303,895422480
895422481,battle_895422481.json,148579,279,895422481
895422564,battle_895422564.json,316633,577,895422564
895422565,battle_895422565.json,299572,545,895422565
895422798,battle_895422798.json,161481,305,895422798
895422799,battle_895422799.json,341043,647,895422799
895423088,battle_895423088.json,136680,247,895423088
895423089,battle_895423089.json,198556,359,895423089
895423249,battle_895423249.json,149450,285,895423249
895423250,battle_895423250.json,137979,261,895423250
895423372,battle_895423372.json,262510,499,895423372
895423373,battle_895423373.json,276424,529,895423373
895423571,battle_895423571.json,152534,289,895423571
895423572,battle_895423572.json,144478,273,895423572
895423696,battle_895423696.json,222390,419,895423696
895423697,battle_895423697.json,205289,387,895423697
895423863,battle_895423863.json,324312,617,895423863
895423864,battle_895423864.json,227242,431,895423864
895424128,battle_895424128.json,469698,853,895424128
895424129,battle_895424129.json,376007,685,895424129
895424448,battle_895424448.json,428391,823,895424448
895424449,battle_895424449.json,314492,605,895424449
895424765,battle_895424765.json,213446,407,895424765
895424766,battle_895424766.json,295402,567,895424766
895424989,battle_895424989.json,206331,395,895424989
895424990,battle_895424990.json,219449,417,895424990
895425157,battle_895425157.json,168216,317,895425157
895425158,battle_895425158.json,125350,237,895425158
895425292,battle_895425292.json,279973,507,895425292
895425293,battle_895425293.json,406084,737,895425293
895425575,battle_895425575.json,189811,355,895425575
895425576,battle_895425576.json,107705,203,895425576
895425684,battle_895425684.json,179673,341,895425684
895425685,battle_895425685.json,148174,283,895425685
895425815,battle_895425815.json,124841,237,895425815
895425816,battle_895425816.json,116686,221,895425816
895425907,battle_895425907.json,421476,809,895425907
895425908,battle_895425908.json,314585,601,895425908
895426166,battle_895426166.json,451724,865,895426166
895426167,battle_895426167.json,351559,677,895426167
895426491,battle_895426491.json,179558,339,895426491
895426492,battle_895426492.json,175372,335,895426492
895426634,battle_895426634.json,302167,573,895426634
895426635,battle_895426635.json,236891,447,895426635
895426794,battle_895426794.json,337931,627,895426794
895426795,battle_895426795.json,349652,649,895426795
895427010,battle_895427010.json,301921,577,895427010
895427011,battle_895427011.json,13184,23,895427011
895427206,battle_895427206.json,16713,31,895427206
895427208,battle_895427208.json,159556,307,895427208
895427298,battle_895427298.json,324414,617,895427298
895427299,battle_895427299.json,292664,551,895427299
895427411,battle_895427411.json,212705,383,895427411
895427412,battle_895427412.json,159325,287,895427412
895427461,battle_895427461.json,411266,763,895427461
895427462,battle_895427462.json,304765,567,895427462
895427547,battle_895427547.json,108890,201,895427547
895427548,battle_895427548.json,125914,231,895427548
895427584,battle_895427584.json,323795,623,895427584
895427585,battle_895427585.json,303788,585,895427585
895427643,battle_895427643.json,187587,357,895427643
895427644,battle_895427644.json,161582,305,895427644
895427680,battle_895427680.json,132909,249,895427680
895427681,battle_895427681.json,168517,319,895427681
895427718,battle_895427718.json,219384,417,895427718
895427719,battle_895427719.json,343576,651,895427719
895427761,battle_895427761.json,436601,839,895427761
895427762,battle_895427762.json,296950,573,895427762
895427804,battle_895427804.json,403377,769,895427804
895427805,battle_895427805.json,361853,689,895427805
895427877,battle_895427877.json,342670,651,895427877
895427878,battle_895427878.json,347416,659,895427878
895427944,battle_895427944.json,181799,345,895427944
895427945,battle_895427945.json,171842,325,895427945
895428017,battle_895428017.json,246716,475,895428017
895428018,battle_895428018.json,272698,523,895428018
895428085,battle_895428085.json,359952,665,895428085
895428086,battle_895428086.json,414042,765,895428086
895428158,battle_895428158.json,142125,273,895428158
895428159,battle_895428159.json,272526,523,895428159
895428217,battle_895428217.json,301999,515,895428217
895428218,battle_895428218.json,168416,285,895428218
895428290,battle_895428290.json,146423,263,895428290
895428291,battle_895428291.json,166812,301,895428291
895428359,battle_895428359.json,546045,975,895428359
895428360,battle_895428360.json,360623,645,895428360
895428458,battle_895428458.json,116285,217,895428458
895428459,battle_895428459.json,205894,385,895428459
895428522,battle_895428522.json,211770,401,895428522
895428524,battle_895428524.json,254290,479,895428524
895428593,battle_895428593.json,313429,585,895428593
895428594,battle_895428594.json,344268,641,895428594
895428661,battle_895428661.json,325046,627,895428661
895428662,battle_895428662.json,285165,543,895428662
895428763,battle_895428763.json,366089,683,895428763
895428764,battle_895428764.json,293798,549,895428764
895428833,battle_895428833.json,359441,685,895428833
895428834,battle_895428834.json,311918,593,895428834
895428911,battle_895428911.json,146405,277,895428911
895428912,battle_895428912.json,129117,243,895428912
895428958,battle_895428958.json,58615,109,895428958
895428959,battle_895428959.json,58060,109,895428959
895428987,battle_895428987.json,452823,865,895428987
895428988,battle_895428988.json,463530,883,895428988
895429084,battle_895429084.json,405902,777,895429084
895429085,battle_895429085.json,396869,755,895429085
895429170,battle_895429170.json,444054,841,895429170
895429171,battle_895429171.json,312840,593,895429171
895429294,battle_895429294.json,217431,393,895429294
895429295,battle_895429295.json,235175,425,895429295
895429352,battle_895429352.json,155681,297,895429352
895429353,battle_895429353.json,198823,377,895429353
895429390,battle_895429390.json,284133,547,895429390
895429391,battle_895429391.json,311120,599,895429391
895429467,battle_895429467.json,243744,457,895429467
895429468,battle_895429468.json,229325,431,895429468
895429523,battle_895429523.json,165238,293,895429523
895429524,battle_895429524.json,170857,305,895429524
895429565,battle_895429565.json,335321,643,895429565
895429566,battle_895429566.json,323475,617,895429566
895429689,battle_895429689.json,224978,431,895429689
895429690,battle_895429690.json,240750,461,895429690
895429761,battle_895429761.json,405427,769,895429761
895429762,battle_895429762.json,368165,697,895429762
895429868,battle_895429868.json,169180,317,895429868
895429869,battle_895429869.json,149244,281,895429869
895429920,battle_895429920.json,400772,771,895429920
895429921,battle_895429921.json,257478,497,895429921
895429953,battle_895429953.json,251055,541,895429953
895429954,battle_895429954.json,299557,645,895429954
895429992,battle_895429992.json,131039,247,895429992
895429993,battle_895429993.json,205126,391,895429993
895430131,battle_895430131.json,198221,379,895430131
895430132,battle_895430132.json,243683,465,895430132
895430178,battle_895430178.json,270593,511,895430178
895430179,battle_895430179.json,348062,655,895430179
895430247,battle_895430247.json,280244,521,895430247
895430248,battle_895430248.json,292383,543,895430248
895430292,battle_895430292.json,169724,311,895430292
895430293,battle_895430293.json,231588,427,895430293
895430330,battle_895430330.json,155976,299,895430330
895430331,battle_895430331.json,246109,471,895430331
895430434,battle_895430434.json,145635,257,895430434
895430435,battle_895430435.json,250644,445,895430435
895430482,battle_895430482.json,561559,953,895430482
895430483,battle_895430483.json,486167,827,895430483
895430612,battle_895430612.json,165812,303,895430612
895430613,battle_895430613.json,397330,725,895430613
895432268,battle_895432268.json,136903,285,895432268
895432269,battle_895432269.json,203320,427,895432269
895432408,battle_895432408.json,238924,501,895432408
895432409,battle_895432409.json,230347,481,895432409
895433024,battle_895433024.json,279202,585,895433024
895433025,battle_895433025.json,244059,509,895433025
895433190,battle_895433190.json,255182,535,895433190
895433191,battle_895433191.json,227897,479,895433191
895433593,battle_895433593.json,251682,545,895433593
895433594,battle_895433594.json,250635,543,895433594
895434225,battle_895434225.json,229798,495,895434225
895434227,battle_895434227.json,426870,905,895434227
895434432,battle_895434432.json,207080,455,895434432
895434433,battle_895434433.json,292183,637,895434433
895435119,battle_895435119.json,175059,377,895435119
895435120,battle_895435120.json,151218,329,895435120
895435217,battle_895435217.json,218562,459,895435217
895435218,battle_895435218.json,251506,519,895435218
895435323,battle_895435323.json,272759,597,895435323
895435324,battle_895435324.json,249787,545,895435324
895435486,battle_895435486.json,315854,691,895435486
895435487,battle_895435487.json,342771,749,895435487
895435529,battle_895435529.json,169346,365,895435529
895435530,battle_895435530.json,123667,267,895435530
895435572,battle_895435572.json,298874,637,895435572
895435573,battle_895435573.json,188043,401,895435573
895435621,battle_895435621.json,309049,667,895435621
895435622,battle_895435622.json,296630,645,895435622
895435683,battle_895435683.json,173728,327,895435683
895435684,battle_895435684.json,218366,413,895435684
895435720,battle_895435720.json,247578,535,895435720
895435721,battle_895435721.json,332443,715,895435721
895435803,battle_895435803.json,182640,381,895435803
895435804,battle_895435804.json,184748,381,895435804
895435839,battle_895435839.json,192358,367,895435839
895435840,battle_895435840.json,302240,577,895435840
895436101,battle_895436101.json,107395,233,895436101
895436102,battle_895436102.json,118272,255,895436102
895436508,battle_895436508.json,83355,179,895436508
895436509,battle_895436509.json,132488,287,895436509
895436808,battle_895436808.json,334297,723,895436808
895436809,battle_895436809.json,248841,547,895436809
895436859,battle_895436859.json,173744,377,895436859
895436860,battle_895436860.json,158409,343,895436860
895437116,battle_895437116.json,231654,443,895437116
895437117,battle_895437117.json,209742,401,895437117
895439162,battle_895439162.json,233329,503,895439162
895439163,battle_895439163.json,366704,785,895439163
895439327,battle_895439327.json,377296,793,895439327
895439328,battle_895439328.json,367726,779,895439328
895439406,battle_895439406.json,307168,667,895439406
895439407,battle_895439407.json,359075,781,895439407
895439445,battle_895439445.json,259724,549,895439445
895439446,battle_895439446.json,280315,591,895439446
895439593,battle_895439593.json,248280,543,895439593
895439594,battle_895439594.json,202007,439,895439594
895439751,battle_895439751.json,152468,331,895439751
895439752,battle_895439752.json,96208,205,895439752
895439901,battle_895439901.json,83264,179,895439901
895439902,battle_895439902.json,129486,281,895439902
895440045,battle_895440045.json,215052,465,895440045
895440046,battle_895440046.json,229939,497,895440046
895440087,battle_895440087.json,247186,517,895440087
895440088,battle_895440088.json,284531,595,895440088
895440149,battle_895440149.json,355061,763,895440149
895440150,battle_895440150.json,368656,789,895440150
895440342,battle_895440342.json,155765,339,895440342
895440343,battle_895440343.json,114744,251,895440343
895440401,battle_895440401.json,197114,433,895440401
895440402,battle_895440402.json,216362,471,895440402
895440456,battle_895440456.json,280580,607,895440456
895440457,battle_895440457.json,274808,593,895440457
895440518,battle_895440518.json,170863,363,895440518
895440519,battle_895440519.json,129670,275,895440519
895440563,battle_895440563.json,159518,345,895440563
895440564,battle_895440564.json,166679,361,895440564
895440655,battle_895440655.json,234469,505,895440655
895440656,battle_895440656.json,251149,533,895440656
895440782,battle_895440782.json,131646,279,895440782
895440783,battle_895440783.json,277126,595,895440783
895440864,battle_895440864.json,121848,265,895440864
895440865,battle_895440865.json,137628,297,895440865
895440990,battle_895440990.json,388216,843,895440990
895440991,battle_895440991.json,296274,637,895440991
895441702,battle_895441702.json,195848,425,895441702
895441703,battle_895441703.json,186387,401,895441703
895441877,battle_895441877.json,416207,875,895441877
895441878,battle_895441878.json,356170,749,895441878
895441938,battle_895441938.json,262900,571,895441938
895441939,battle_895441939.json,242521,529,895441939
895491366,battle_895491366.json,316094,621,895491366
895491367,battle_895491367.json,230170,461,895491367
895491368,battle_895491368.json,200824,439,895491368
895491369,battle_895491369.json,93396,201,895491369
895491370,battle_895491370.json,115150,251,895491370
895491371,battle_895491371.json,134072,293,895491371
895491372,battle_895491372.json,89994,197,895491372
895491373,battle_895491373.json,74226,163,895491373
895491374,battle_895491374.json,182265,399,895491374
895491375,battle_895491375.json,235617,515,895491375
895491376,battle_895491376.json,89261,193,895491376
895491377,battle_895491377.json,76305,167,895491377
895491378,battle_895491378.json,170717,371,895491378
895491379,battle_895491379.json,135532,295,895491379
895491380,battle_895491380.json,136248,271,895491380
895491381,battle_895491381.json,157468,313,895491381
895491382,battle_895491382.json,105627,233,895491382
895491383,battle_895491383.json,105998,233,895491383
895491384,battle_895491384.json,3104,5,895491384
895491385,battle_895491385.json,3096,5,895491385
895491449,battle_895491449.json,185046,405,895491449
895491450,battle_895491450.json,104996,227,895491450
895491523,battle_895491523.json,118985,243,895491523
895491524,battle_895491524.json,98911,199,895491524
895491541,battle_895491541.json,114601,249,895491541
895491542,battle_895491542.json,128875,283,895491542
895491585,battle_895491585.json,160650,353,895491585
895491586,battle_895491586.json,174908,383,895491586
895491637,battle_895491637.json,91525,201,895491637
895491638,battle_895491638.json,96752,213,895491638
895491664,battle_895491664.json,104266,227,895491664
895491665,battle_895491665.json,164890,359,895491665
895491692,battle_895491692.json,87456,191,895491692
895491693,battle_895491693.json,86314,191,895491693
895491715,battle_895491715.json,104224,201,895491715
895491716,battle_895491716.json,312329,611,895491716
895491774,battle_895491774.json,212229,469,895491774
895491775,battle_895491775.json,195921,433,895491775
895491846,battle_895491846.json,92096,201,895491846
895491847,battle_895491847.json,100273,219,895491847
895491887,battle_895491887.json,122645,263,895491887
895491888,battle_895491888.json,154545,329,895491888
895491926,battle_895491926.json,105807,229,895491926
895491927,battle_895491927.json,231721,507,895491927
895491963,battle_895491963.json,105543,221,895491963
895491964,battle_895491964.json,140859,295,895491964
895492009,battle_895492009.json,135606,275,895492009
895492010,battle_895492010.json,137454,279,895492010
895492049,battle_895492049.json,341464,679,895492049
895492050,battle_895492050.json,247282,495,895492050
895492114,battle_895492114.json,471918,1001,895492114
895492115,battle_895492115.json,404404,865,895492115
895492188,battle_895492188.json,440182,877,895492188
895492189,battle_895492189.json,337679,677,895492189
895492258,battle_895492258.json,161628,323,895492258
895492259,battle_895492259.json,218063,435,895492259
895492296,battle_895492296.json,304862,595,895492296
895492297,battle_895492297.json,239382,461,895492297
895492341,battle_895492341.json,211626,411,895492341
895492342,battle_895492342.json,133224,257,895492342
895492394,battle_895492394.json,382151,829,895492394
895492395,battle_895492395.json,279302,605,895492395
895492468,battle_895492468.json,181359,395,895492468
895492469,battle_895492469.json,276531,603,895492469
895492497,battle_895492497.json,165595,357,895492497
895492498,battle_895492498.json,153998,337,895492498
895492530,battle_895492530.json,143146,299,895492530
895492531,battle_895492531.json,233796,487,895492531
895492567,battle_895492567.json,168707,367,895492567
895492568,battle_895492568.json,95015,201,895492568
895492600,battle_895492600.json,160382,339,895492600
895492601,battle_895492601.json,303991,645,895492601
895492636,battle_895492636.json,179837,391,895492636
895492637,battle_895492637.json,94956,201,895492637
895492684,battle_895492684.json,242732,531,895492684
895492685,battle_895492685.json,210547,459,895492685
895492702,battle_895492702.json,468450,1001,895492702
895492703,battle_895492703.json,417309,887,895492703
895492776,battle_895492776.json,160060,307,895492776
895492777,battle_895492777.json,153626,295,895492777
895492811,battle_895492811.json,223961,487,895492811
895492812,battle_895492812.json,173907,377,895492812
895492849,battle_895492849.json,259470,559,895492849
895492850,battle_895492850.json,228878,497,895492850
895492907,battle_895492907.json,386757,825,895492907
895492908,battle_895492908.json,345561,737,895492908
895492970,battle_895492970.json,220128,457,895492970
895492971,battle_895492971.json,255924,527,895492971
895493018,battle_895493018.json,458922,1001,895493018
895493019,battle_895493019.json,104370,225,895493019
895493084,battle_895493084.json,231879,465,895493084
895493085,battle_895493085.json,234640,467,895493085
895493126,battle_895493126.json,243361,527,895493126
895493127,battle_895493127.json,350553,751,895493127
895493184,battle_895493184.json,126218,253,895493184
895493185,battle_895493185.json,226133,447,895493185
895493218,battle_895493218.json,166604,363,895493218
895493219,battle_895493219.json,109072,239,895493219
895493269,battle_895493269.json,430467,837,895493269
895493270,battle_895493270.json,459807,893,895493270
895493381,battle_895493381.json,184687,403,895493381
895493382,battle_895493382.json,101394,219,895493382
895493419,battle_895493419.json,100598,221,895493419
895493420,battle_895493420.json,93718,201,895493420
895493449,battle_895493449.json,104499,227,895493449
895493450,battle_895493450.json,92883,201,895493450
895493474,battle_895493474.json,359897,761,895493474
895493475,battle_895493475.json,290577,615,895493475
895493573,battle_895493573.json,274688,545,895493573
895493574,battle_895493574.json,377670,751,895493574
895493655,battle_895493655.json,404944,883,895493655
895493656,battle_895493656.json,208726,453,895493656
895493738,battle_895493738.json,156156,307,895493738
895493739,battle_895493739.json,172277,343,895493739
895493772,battle_895493772.json,464618,1001,895493772
895493773,battle_895493773.json,370122,799,895493773
895493854,battle_895493854.json,114473,243,895493854
895493855,battle_895493855.json,124524,261,895493855
895493879,battle_895493879.json,266819,535,895493879
895493880,battle_895493880.json,255898,515,895493880
895493931,battle_895493931.json,460961,1001,895493931
895493932,battle_895493932.json,459458,1001,895493932
895494028,battle_895494028.json,245087,519,895494028
895494029,battle_895494029.json,298596,625,895494029
895494104,battle_895494104.json,520001,1001,895494104
895494105,battle_895494105.json,519818,1001,895494105
895494214,battle_895494214.json,132401,287,895494214
895494215,battle_895494215.json,135874,295,895494215
895494247,battle_895494247.json,141159,291,895494247
895494248,battle_895494248.json,259052,535,895494248
895494324,battle_895494324.json,522751,1001,895494324
895494325,battle_895494325.json,370433,709,895494325
895494410,battle_895494410.json,130774,271,895494410
895494411,battle_895494411.json,263027,543,895494411
895494484,battle_895494484.json,109204,225,895494484
895494485,battle_895494485.json,112318,229,895494485
895494518,battle_895494518.json,235011,505,895494518
895494519,battle_895494519.json,455316,1001,895494519
895494615,battle_895494615.json,274694,597,895494615
895494616,battle_895494616.json,249296,535,895494616
895494648,battle_895494648.json,323389,645,895494648
895494649,battle_895494649.json,263875,529,895494649
895494712,battle_895494712.json,238060,481,895494712
895494713,battle_895494713.json,323052,653,895494713
895494758,battle_895494758.json,103482,213,895494758
895494759,battle_895494759.json,147164,305,895494759
895494790,battle_895494790.json,231172,449,895494790
895494791,battle_895494791.json,261144,501,895494791
895494855,battle_895494855.json,201615,421,895494855
895494856,battle_895494856.json,286973,601,895494856
895494932,battle_895494932.json,155660,311,895494932
895494933,battle_895494933.json,227328,453,895494933
895494974,battle_895494974.json,338690,677,895494974
895494975,battle_895494975.json,478706,953,895494975
895495053,battle_895495053.json,286161,557,895495053
895495054,battle_895495054.json,516063,1001,895495054
895495134,battle_895495134.json,156259,333,895495134
895495135,battle_895495135.json,270726,585,895495135
895495196,battle_895495196.json,252393,547,895495196
895495197,battle_895495197.json,313293,681,895495197
895495251,battle_895495251.json,464507,1001,895495251
895495252,battle_895495252.json,414339,895,895495252
895495312,battle_895495312.json,258584,515,895495312
895495313,battle_895495313.json,271419,545,895495313
895495363,battle_895495363.json,175891,361,895495363
895495364,battle_895495364.json,114223,235,895495364
895495406,battle_895495406.json,240380,479,895495406
895495407,battle_895495407.json,178920,355,895495407
895495440,battle_895495440.json,350416,683,895495440
895495441,battle_895495441.json,387769,747,895495441
895495489,battle_895495489.json,195215,403,895495489
895495490,battle_895495490.json,181375,373,895495490
895495525,battle_895495525.json,243921,501,895495525
895495526,battle_895495526.json,190556,389,895495526
895495582,battle_895495582.json,171508,373,895495582
895495583,battle_895495583.json,178163,387,895495583
895495607,battle_895495607.json,99916,201,895495607
895495608,battle_895495608.json,213731,435,895495608
895495641,battle_895495641.json,342329,727,895495641
895495642,battle_895495642.json,403839,861,895495642
895495707,battle_895495707.json,368875,799,895495707
895495708,battle_895495708.json,459037,1001,895495708
895495794,battle_895495794.json,277014,549,895495794
895495795,battle_895495795.json,176188,353,895495795
895495839,battle_895495839.json,406729,787,895495839
895495840,battle_895495840.json,237505,461,895495840
895495884,battle_895495884.json,519930,1001,895495884
895495885,battle_895495885.json,372590,723,895495885
895495951,battle_895495951.json,303546,607,895495951
895495952,battle_895495952.json,301189,597,895495952
895495992,battle_895495992.json,314925,679,895495992
895495993,battle_895495993.json,460193,1001,895495993
895496080,battle_895496080.json,268501,583,895496080
895496081,battle_895496081.json,236779,513,895496081
895496112,battle_895496112.json,195677,427,895496112
895496113,battle_895496113.json,165915,361,895496113
895496138,battle_895496138.json,242410,461,895496138
895496139,battle_895496139.json,341289,661,895496139
895496171,battle_895496171.json,138065,299,895496171
895496172,battle_895496172.json,84966,183,895496172
895496188,battle_895496188.json,388621,755,895496188
895496189,battle_895496189.json,231882,457,895496189
895496226,battle_895496226.json,231056,487,895496226
895496227,battle_895496227.json,202350,425,895496227
895496263,battle_895496263.json,278429,613,895496263
895496264,battle_895496264.json,278255,601,895496264
895496296,battle_895496296.json,256648,545,895496296
895496297,battle_895496297.json,382285,817,895496297
895496366,battle_895496366.json,338471,739,895496366
895496367,battle_895496367.json,300053,647,895496367
895496408,battle_895496408.json,497188,993,895496408
895496409,battle_895496409.json,281953,563,895496409
895496446,battle_895496446.json,257986,543,895496446
895496447,battle_895496447.json,304575,643,895496447
895496477,battle_895496477.json,459465,1001,895496477
895496478,battle_895496478.json,235312,511,895496478
895496537,battle_895496537.json,205330,439,895496537
895496538,battle_895496538.json,157335,343,895496538
895496557,battle_895496557.json,394062,755,895496557
895496558,battle_895496558.json,495486,961,895496558
895502525,battle_895502525.json,326840,641,895502525
895502526,battle_895502526.json,385126,761,895502526
895502630,battle_895502630.json,227193,469,895502630
895502631,battle_895502631.json,171179,349,895502631
895502853,battle_895502853.json,241557,525,895502853
895502854,battle_895502854.json,224917,485,895502854
895503357,battle_895503357.json,260605,571,895503357
895503358,battle_895503358.json,241246,529,895503358
895503431,battle_895503431.json,199530,411,895503431
895503432,battle_895503432.json,201412,415,895503432
895503508,battle_895503508.json,271553,595,895503508
895503509,battle_895503509.json,275144,603,895503509
895503638,battle_895503638.json,176760,385,895503638
895503639,battle_895503639.json,127667,279,895503639
895503660,battle_895503660.json,212392,457,895503660
895503661,battle_895503661.json,255299,547,895503661
895503714,battle_895503714.json,101486,211,895503714
895503715,battle_895503715.json,182584,383,895503715
895503740,battle_895503740.json,207636,457,895503740
895503741,battle_895503741.json,300385,653,895503741
895503834,battle_895503834.json,196494,425,895503834
895503835,battle_895503835.json,277828,603,895503835
895503882,battle_895503882.json,201908,435,895503882
895503883,battle_895503883.json,224132,483,895503883
895503902,battle_895503902.json,132737,285,895503902
895503903,battle_895503903.json,184336,399,895503903
895503938,battle_895503938.json,313998,681,895503938
895503939,battle_895503939.json,337986,735,895503939
895503956,battle_895503956.json,259593,565,895503956
895503957,battle_895503957.json,256172,557,895503957
895503967,battle_895503967.json,239340,529,895503967
895503968,battle_895503968.json,262268,575,895503968
895504047,battle_895504047.json,257197,553,895504047
895504048,battle_895504048.json,221614,477,895504048
895504094,battle_895504094.json,379121,821,895504094
895504095,battle_895504095.json,270773,589,895504095
895504192,battle_895504192.json,234717,511,895504192
895504193,battle_895504193.json,205114,451,895504193
895504207,battle_895504207.json,109611,241,895504207
895504208,battle_895504208.json,106298,231,895504208
895504256,battle_895504256.json,221044,487,895504256
895504257,battle_895504257.json,55149,117,895504257
895504269,battle_895504269.json,306175,663,895504269
895504270,battle_895504270.json,328941,705,895504270
895504332,battle_895504332.json,326509,687,895504332
895504333,battle_895504333.json,328687,693,895504333
895504399,battle_895504399.json,234091,509,895504399
895504400,battle_895504400.json,222768,483,895504400
895504421,battle_895504421.json,233725,505,895504421
895504422,battle_895504422.json,327158,715,895504422
895504744,battle_895504744.json,252240,531,895504744
895504745,battle_895504745.json,274445,579,895504745
895504779,battle_895504779.json,183520,399,895504779
895504780,battle_895504780.json,195462,423,895504780
895504917,battle_895504917.json,196640,423,895504917
895504918,battle_895504918.json,172307,367,895504918
895505144,battle_895505144.json,204344,445,895505144
895505145,battle_895505145.json,167647,365,895505145
895505308,battle_895505308.json,229569,483,895505308
895505309,battle_895505309.json,251536,531,895505309
895514718,battle_895514718.json,244287,539,895514718
895514719,battle_895514719.json,262692,581,895514719
895514738,battle_895514738.json,184931,351,895514738
895514739,battle_895514739.json,231597,441,895514739
895514760,battle_895514760.json,151097,287,895514760
895514761,battle_895514761.json,167558,319,895514761
895514786,battle_895514786.json,130908,287,895514786
895514787,battle_895514787.json,110065,239,895514787
895514807,battle_895514807.json,275566,563,895514807
895514808,battle_895514808.json,136711,277,895514808
895514828,battle_895514828.json,258197,517,895514828
895514829,battle_895514829.json,266736,533,895514829
895514862,battle_895514862.json,199703,429,895514862
895514863,battle_895514863.json,286706,613,895514863
895514892,battle_895514892.json,263518,571,895514892
895514893,battle_895514893.json,331626,715,895514893
895514924,battle_895514924.json,243449,515,895514924
895514925,battle_895514925.json,167144,355,895514925
895514958,battle_895514958.json,177775,373,895514958
895514959,battle_895514959.json,269811,571,895514959
895514974,battle_895514974.json,124093,267,895514974
895514975,battle_895514975.json,144493,311,895514975
895514990,battle_895514990.json,104282,211,895514990
895514991,battle_895514991.json,99705,201,895514991
895515017,battle_895515017.json,236360,501,895515017
895515018,battle_895515018.json,269864,573,895515018
895515059,battle_895515059.json,288045,623,895515059
895515060,battle_895515060.json,295990,645,895515060
895515096,battle_895515096.json,202719,429,895515096
895515097,battle_895515097.json,211419,445,895515097
895515131,battle_895515131.json,183689,397,895515131
895515132,battle_895515132.json,180867,393,895515132
895515222,battle_895515222.json,200087,411,895515222
895515223,battle_895515223.json,233028,479,895515223
895515437,battle_895515437.json,200235,413,895515437
895515438,battle_895515438.json,310705,633,895515438
895515513,battle_895515513.json,337039,721,895515513
895515514,battle_895515514.json,264771,567,895515514
895515589,battle_895515589.json,298712,613,895515589
895515590,battle_895515590.json,270864,555,895515590
895515647,battle_895515647.json,144883,311,895515647
895515648,battle_895515648.json,184430,391,895515648
895515667,battle_895515667.json,209453,401,895515667
895515668,battle_895515668.json,223328,427,895515668
895515687,battle_895515687.json,293218,641,895515687
895515688,battle_895515688.json,185890,407,895515688
895515735,battle_895515735.json,161694,347,895515735
895515736,battle_895515736.json,142200,303,895515736
895515762,battle_895515762.json,190421,409,895515762
895515763,battle_895515763.json,213138,459,895515763
895515790,battle_895515790.json,244463,525,895515790
895515791,battle_895515791.json,198008,427,895515791
895515826,battle_895515826.json,102366,195,895515826
895515827,battle_895515827.json,122171,239,895515827
895515868,battle_895515868.json,113440,247,895515868
895515869,battle_895515869.json,192068,417,895515869
895515899,battle_895515899.json,262822,577,895515899
895515900,battle_895515900.json,331001,723,895515900
895515937,battle_895515937.json,246038,509,895515937
895515938,battle_895515938.json,220702,457,895515938
895516057,battle_895516057.json,245249,519,895516057
895516058,battle_895516058.json,243559,515,895516058
895516086,battle_895516086.json,192223,415,895516086
895516087,battle_895516087.json,182292,393,895516087
895516131,battle_895516131.json,114770,245,895516131
895516132,battle_895516132.json,166245,357,895516132
895516293,battle_895516293.json,271746,595,895516293
895516294,battle_895516294.json,287914,625,895516294
895516338,battle_895516338.json,176333,379,895516338
895516339,battle_895516339.json,107381,229,895516339
895516353,battle_895516353.json,216011,455,895516353
895516354,battle_895516354.json,193357,405,895516354
895516386,battle_895516386.json,285650,609,895516386
895516387,battle_895516387.json,263395,559,895516387
895516405,battle_895516405.json,215498,465,895516405
895516406,battle_895516406.json,239716,519,895516406
895516429,battle_895516429.json,160803,347,895516429
895516430,battle_895516430.json,123100,263,895516430
895516458,battle_895516458.json,335137,729,895516458
895516459,battle_895516459.json,390836,845,895516459
895516506,battle_895516506.json,436483,831,895516506
895516507,battle_895516507.json,171087,321,895516507
895516548,battle_895516548.json,276896,579,895516548
895516549,battle_895516549.json,265344,561,895516549
895516579,battle_895516579.json,247597,525,895516579
895516580,battle_895516580.json,276334,585,895516580
895516619,battle_895516619.json,413719,867,895516619
895516620,battle_895516620.json,337304,705,895516620
895516671,battle_895516671.json,306127,657,895516671
895516672,battle_895516672.json,261296,565,895516672
895516723,battle_895516723.json,296974,565,895516723
895516724,battle_895516724.json,190427,363,895516724
895516866,battle_895516866.json,313422,619,895516866
895516867,battle_895516867.json,303563,603,895516867
895516997,battle_895516997.json,117985,253,895516997
895516998,battle_895516998.json,130456,281,895516998
895538593,battle_895538593.json,122260,249,895538593
895538594,battle_895538594.json,121629,247,895538594
895563375,battle_895563375.json,293304,639,895563375
895563376,battle_895563376.json,280037,611,895563376
895564107,battle_895564107.json,206511,449,895564107
895564108,battle_895564108.json,418732,915,895564108
895564219,battle_895564219.json,146751,279,895564219
895564220,battle_895564220.json,252242,479,895564220
895564269,battle_895564269.json,185428,405,895564269
895564270,battle_895564270.json,161615,349,895564270
895564451,battle_895564451.json,159219,347,895564451
895564452,battle_895564452.json,156818,343,895564452
895564569,battle_895564569.json,289834,631,895564569
895564570,battle_895564570.json,257545,561,895564570
895564742,battle_895564742.json,159467,307,895564742
895564743,battle_895564743.json,131323,251,895564743
895564845,battle_895564845.json,275898,531,895564845
895564846,battle_895564846.json,180353,347,895564846
895564865,battle_895564865.json,179621,387,895564865
895564866,battle_895564866.json,129350,281,895564866
895564885,battle_895564885.json,322936,685,895564885
895564886,battle_895564886.json,364068,775,895564886
895564944,battle_895564944.json,359314,733,895564944
895564945,battle_895564945.json,298003,607,895564945
895564993,battle_895564993.json,101528,223,895564993
895564994,battle_895564994.json,123847,271,895564994
895565100,battle_895565100.json,187099,409,895565100
895565101,battle_895565101.json,172425,379,895565101
895565242,battle_895565242.json,171580,359,895565242
895565243,battle_895565243.json,172033,363,895565243
895565258,battle_895565258.json,210739,461,895565258
895565259,battle_895565259.json,207301,455,895565259
895565304,battle_895565304.json,262366,567,895565304
895565305,battle_895565305.json,327505,709,895565305
895565360,battle_895565360.json,138950,265,895565360
895565361,battle_895565361.json,206481,391,895565361
895565373,battle_895565373.json,383815,825,895565373
895565374,battle_895565374.json,361382,789,895565374
895565437,battle_895565437.json,223218,481,895565437
895565438,battle_895565438.json,201869,435,895565438
895565632,battle_895565632.json,471569,1001,895565632
895565633,battle_895565633.json,194581,411,895565633
895565755,battle_895565755.json,300409,633,895565755
895565756,battle_895565756.json,299382,627,895565756
895565850,battle_895565850.json,280069,605,895565850
895565851,battle_895565851.json,349124,761,895565851
895566003,battle_895566003.json,302371,663,895566003
895566004,battle_895566004.json,294707,645,895566004
895566071,battle_895566071.json,234206,511,895566071
895566072,battle_895566072.json,356313,775,895566072
895566140,battle_895566140.json,273673,563,895566140
895566141,battle_895566141.json,305312,625,895566141
895566196,battle_895566196.json,155843,339,895566196
895566197,battle_895566197.json,240610,517,895566197
895566245,battle_895566245.json,107930,227,895566245
895566246,battle_895566246.json,125596,263,895566246
895566278,battle_895566278.json,312457,645,895566278
895566279,battle_895566279.json,321074,659,895566279
895566342,battle_895566342.json,157510,331,895566342
895566343,battle_895566343.json,271074,569,895566343
895566398,battle_895566398.json,389891,823,895566398
895566399,battle_895566399.json,328156,695,895566399
895566472,battle_895566472.json,204443,429,895566472
895566473,battle_895566473.json,308304,647,895566473
895566594,battle_895566594.json,343723,739,895566594
895566595,battle_895566595.json,255973,551,895566595
895566650,battle_895566650.json,153921,333,895566650
895566651,battle_895566651.json,85944,187,895566651
895566668,battle_895566668.json,167675,367,895566668
895566669,battle_895566669.json,203014,443,895566669
895566739,battle_895566739.json,190457,361,895566739
895566740,battle_895566740.json,237817,451,895566740
895566770,battle_895566770.json,323464,707,895566770
895566771,battle_895566771.json,187611,415,895566771
895566901,battle_895566901.json,329690,711,895566901
895566902,battle_895566902.json,368039,793,895566902
895566942,battle_895566942.json,322115,693,895566942
895566943,battle_895566943.json,343437,743,895566943
895566979,battle_895566979.json,191204,409,895566979
895566980,battle_895566980.json,177534,387,895566980
895567104,battle_895567104.json,147489,315,895567104
895567105,battle_895567105.json,121336,261,895567105
895567197,battle_895567197.json,338175,735,895567197
895567198,battle_895567198.json,352232,767,895567198
895567331,battle_895567331.json,207608,451,895567331
895567332,battle_895567332.json,242269,519,895567332
895567456,battle_895567456.json,323432,695,895567456
895567457,battle_895567457.json,453763,979,895567457
895567536,battle_895567536.json,220766,473,895567536
895567537,battle_895567537.json,179128,385,895567537
895567588,battle_895567588.json,205599,437,895567588
895567589,battle_895567589.json,271095,577,895567589
895567632,battle_895567632.json,141091,297,895567632
895567633,battle_895567633.json,224926,473,895567633
895567686,battle_895567686.json,103707,221,895567686
895567687,battle_895567687.json,119516,259,895567687
895567728,battle_895567728.json,128372,279,895567728
895567729,battle_895567729.json,116613,249,895567729
895567935,battle_895567935.json,285539,617,895567935
895567936,battle_895567936.json,442606,949,895567936
895601170,battle_895601170.json,190819,415,895601170
895601171,battle_895601171.json,186476,403,895601171
895608294,battle_895608294.json,121757,265,895608294
895608295,battle_895608295.json,116480,255,895608295
895608328,battle_895608328.json,188276,405,895608328
895608329,battle_895608329.json,244558,531,895608329
895608393,battle_895608393.json,212286,457,895608393
895608394,battle_895608394.json,193836,419,895608394
895608407,battle_895608407.json,377053,819,895608407
895608408,battle_895608408.json,243048,529,895608408
895608436,battle_895608436.json,246514,539,895608436
895608437,battle_895608437.json,187625,407,895608437
895608619,battle_895608619.json,161744,351,895608619
895608620,battle_895608620.json,158467,345,895608620
895608700,battle_895608700.json,309907,671,895608700
895608701,battle_895608701.json,285597,621,895608701
895608754,battle_895608754.json,320971,693,895608754
895608755,battle_895608755.json,316017,677,895608755
895608793,battle_895608793.json,277824,601,895608793
895608794,battle_895608794.json,265566,571,895608794
895608842,battle_895608842.json,189257,401,895608842
895608843,battle_895608843.json,156050,333,895608843
895608865,battle_895608865.json,163003,357,895608865
895608866,battle_895608866.json,143965,317,895608866
895608931,battle_895608931.json,253511,485,895608931
895608932,battle_895608932.json,357345,681,895608932
895609004,battle_895609004.json,137220,293,895609004
895609005,battle_895609005.json,134973,291,895609005
895609020,battle_895609020.json,179913,395,895609020
895609021,battle_895609021.json,263744,577,895609021
895609111,battle_895609111.json,235974,497,895609111
895609112,battle_895609112.json,188682,397,895609112
895609145,battle_895609145.json,223065,487,895609145
895609146,battle_895609146.json,210811,459,895609146
895609165,battle_895609165.json,299648,649,895609165
895609166,battle_895609166.json,222781,485,895609166
895609194,battle_895609194.json,290428,595,895609194
895609195,battle_895609195.json,359122,733,895609195
895609219,battle_895609219.json,144904,315,895609219
895609220,battle_895609220.json,213090,461,895609220
895609257,battle_895609257.json,241227,533,895609257
895609258,battle_895609258.json,236051,517,895609258
895609294,battle_895609294.json,229402,481,895609294
895609295,battle_895609295.json,291356,613,895609295
895609341,battle_895609341.json,226296,479,895609341
895609342,battle_895609342.json,121255,259,895609342
895609362,battle_895609362.json,135716,297,895609362
895609363,battle_895609363.json,117167,257,895609363
895609378,battle_895609378.json,164722,359,895609378
895609379,battle_895609379.json,186343,407,895609379
895609475,battle_895609475.json,139575,305,895609475
895609476,battle_895609476.json,113019,247,895609476
895609488,battle_895609488.json,145781,305,895609488
895609489,battle_895609489.json,164749,347,895609489
895609617,battle_895609617.json,300492,651,895609617
895609618,battle_895609618.json,267019,581,895609618
895609648,battle_895609648.json,381042,733,895609648
895609649,battle_895609649.json,317297,609,895609649
895609669,battle_895609669.json,302030,657,895609669
895609670,battle_895609670.json,259448,571,895609670
895609692,battle_895609692.json,201046,441,895609692
895609693,battle_895609693.json,231312,503,895609693
895609738,battle_895609738.json,169488,365,895609738
895609739,battle_895609739.json,104333,227,895609739
895609789,battle_895609789.json,308331,677,895609789
895609790,battle_895609790.json,363464,797,895609790
895609847,battle_895609847.json,199399,437,895609847
895609848,battle_895609848.json,227875,497,895609848
895609900,battle_895609900.json,385426,827,895609900
895609901,battle_895609901.json,425246,915,895609901
895610005,battle_895610005.json,196071,431,895610005
895610006,battle_895610006.json,167397,365,895610006
895610031,battle_895610031.json,330764,725,895610031
895610032,battle_895610032.json,248117,547,895610032
895610072,battle_895610072.json,283487,623,895610072
895610073,battle_895610073.json,314188,689,895610073
895610097,battle_895610097.json,208132,455,895610097
895610098,battle_895610098.json,144308,313,895610098
895610113,battle_895610113.json,217753,455,895610113
895610114,battle_895610114.json,214264,447,895610114
895610137,battle_895610137.json,184399,405,895610137
895610138,battle_895610138.json,239331,527,895610138
895610161,battle_895610161.json,309439,637,895610161
895610162,battle_895610162.json,261327,541,895610162
895610200,battle_895610200.json,368117,801,895610200
895610201,battle_895610201.json,343495,745,895610201
895610238,battle_895610238.json,247173,531,895610238
895610239,battle_895610239.json,240279,519,895610239
895610255,battle_895610255.json,216034,469,895610255
895610256,battle_895610256.json,272475,593,895610256
895610347,battle_895610347.json,296096,647,895610347
895610348,battle_895610348.json,300302,657,895610348
895610395,battle_895610395.json,320088,699,895610395
895610396,battle_895610396.json,336972,737,895610396
895610435,battle_895610435.json,361068,733,895610435
895610436,battle_895610436.json,273751,557,895610436
895610640,battle_895610640.json,269343,575,895610640
895610641,battle_895610641.json,320630,687,895610641
895610864,battle_895610864.json,302295,639,895610864
895610866,battle_895610866.json,320465,677,895610866
895610925,battle_895610925.json,231535,499,895610925
895610926,battle_895610926.json,181188,393,895610926
895610970,battle_895610970.json,196678,415,895610970
895610972,battle_895610972.json,281952,599,895610972
895611020,battle_895611020.json,141520,305,895611020
895611021,battle_895611021.json,143548,311,895611021
895611035,battle_895611035.json,200733,437,895611035
895611036,battle_895611036.json,317294,691,895611036
895611054,battle_895611054.json,180902,369,895611054
895611055,battle_895611055.json,137394,281,895611055
895611068,battle_895611068.json,324386,703,895611068
895611069,battle_895611069.json,329498,709,895611069
895611114,battle_895611114.json,262573,501,895611114
895611115,battle_895611115.json,205902,395,895611115
895611175,battle_895611175.json,137215,299,895611175
895611176,battle_895611176.json,152769,333,895611176
895611204,battle_895611204.json,231607,495,895611204
895611205,battle_895611205.json,193914,411,895611205
895611245,battle_895611245.json,254296,553,895611245
895611246,battle_895611246.json,323893,699,895611246
895611270,battle_895611270.json,497388,1001,895611270
895611271,battle_895611271.json,383907,773,895611271
895611344,battle_895611344.json,327736,721,895611344
895611345,battle_895611345.json,201998,441,895611345
895611393,battle_895611393.json,233546,487,895611393
895611394,battle_895611394.json,256619,533,895611394
895611455,battle_895611455.json,175368,375,895611455
895611456,battle_895611456.json,262093,559,895611456
895611508,battle_895611508.json,208239,439,895611508
895611509,battle_895611509.json,237386,503,895611509
895611519,battle_895611519.json,316447,677,895611519
895611520,battle_895611520.json,296922,639,895611520
895611547,battle_895611547.json,218252,469,895611547
895611548,battle_895611548.json,320582,681,895611548
895611569,battle_895611569.json,179649,391,895611569
895611570,battle_895611570.json,228486,495,895611570
895611586,battle_895611586.json,145951,317,895611586
895611587,battle_895611587.json,98422,213,895611587
895611613,battle_895611613.json,243129,465,895611613
895611614,battle_895611614.json,354135,671,895611614
895611636,battle_895611636.json,140112,301,895611636
895611637,battle_895611637.json,93061,201,895611637
895611657,battle_895611657.json,263945,565,895611657
895611658,battle_895611658.json,154674,329,895611658
895611883,battle_895611883.json,208853,445,895611883
895611884,battle_895611884.json,189755,403,895611884
895611922,battle_895611922.json,222139,485,895611922
895611923,battle_895611923.json,103911,227,895611923
895612016,battle_895612016.json,252251,545,895612016
895612017,battle_895612017.json,220404,477,895612017
895612139,battle_895612139.json,116464,249,895612139
895612140,battle_895612140.json,146949,313,895612140
895612195,battle_895612195.json,231004,499,895612195
895612196,battle_895612196.json,373453,809,895612196
895612278,battle_895612278.json,250307,547,895612278
895612279,battle_895612279.json,294452,637,895612279
895612354,battle_895612354.json,209279,447,895612354
895612355,battle_895612355.json,186598,401,895612355
895612447,battle_895612447.json,207882,457,895612447
895612448,battle_895612448.json,255111,557,895612448
895612475,battle_895612475.json,271620,539,895612475
895612476,battle_895612476.json,222445,443,895612476
895612492,battle_895612492.json,181241,397,895612492
895612493,battle_895612493.json,151027,331,895612493
895612520,battle_895612520.json,306805,621,895612520
895612521,battle_895612521.json,306686,621,895612521
895612553,battle_895612553.json,173787,377,895612553
895612554,battle_895612554.json,125266,271,895612554
895612575,battle_895612575.json,197504,405,895612575
895612576,battle_895612576.json,165238,339,895612576
895612633,battle_895612633.json,329211,715,895612633
895612634,battle_895612634.json,355199,773,895612634
895612669,battle_895612669.json,352165,765,895612669
895612670,battle_895612670.json,425387,919,895612670
895612733,battle_895612733.json,211759,463,895612733
895612734,battle_895612734.json,121444,263,895612734
895612752,battle_895612752.json,255009,555,895612752
895612753,battle_895612753.json,219370,479,895612753
895612787,battle_895612787.json,301788,657,895612787
895612788,battle_895612788.json,281753,619,895612788
895612833,battle_895612833.json,165801,363,895612833
895612834,battle_895612834.json,291227,635,895612834
895612860,battle_895612860.json,215215,463,895612860
895612861,battle_895612861.json,173203,371,895612861
895612890,battle_895612890.json,379569,827,895612890
895612891,battle_895612891.json,282262,613,895612891
895612937,battle_895612937.json,158266,341,895612937
895612938,battle_895612938.json,101665,219,895612938
895612963,battle_895612963.json,316734,607,895612963
895612964,battle_895612964.json,341429,651,895612964
895612999,battle_895612999.json,222963,483,895612999
895613000,battle_895613000.json,227755,495,895613000
895613020,battle_895613020.json,234541,499,895613020
895613021,battle_895613021.json,256608,547,895613021
895613032,battle_895613032.json,221061,485,895613032
895613033,battle_895613033.json,239549,525,895613033
895613048,battle_895613048.json,308608,623,895613048
895613049,battle_895613049.json,342890,691,895613049
895613101,battle_895613101.json,268416,581,895613101
895613102,battle_895613102.json,243918,523,895613102
895613120,battle_895613120.json,298088,635,895613120
895613121,battle_895613121.json,292547,619,895613121
895613153,battle_895613153.json,337707,647,895613153
895613154,battle_895613154.json,16852,31,895613154
895613181,battle_895613181.json,252632,551,895613181
895613182,battle_895613182.json,271087,591,895613182
895613229,battle_895613229.json,178878,375,895613229
895613230,battle_895613230.json,98498,209,895613230
895613423,battle_895613423.json,260073,567,895613423
895613424,battle_895613424.json,251175,551,895613424
895613487,battle_895613487.json,208630,455,895613487
895613488,battle_895613488.json,318698,693,895613488
895613496,battle_895613496.json,162588,347,895613496
895613497,battle_895613497.json,15126,31,895613497
895613502,battle_895613502.json,419539,847,895613502
895613503,battle_895613503.json,258290,521,895613503
895613523,battle_895613523.json,377640,811,895613523
895613524,battle_895613524.json,364708,791,895613524
895613535,battle_895613535.json,193867,369,895613535
895613536,battle_895613536.json,150464,287,895613536
895613537,battle_895613537.json,131101,277,895613537
895613538,battle_895613538.json,190487,403,895613538
895613544,battle_895613544.json,230084,499,895613544
895613546,battle_895613546.json,214400,467,895613546
895613556,battle_895613556.json,273394,601,895613556
895613557,battle_895613557.json,383140,833,895613557
895613565,battle_895613565.json,199366,435,895613565
895613566,battle_895613566.json,312719,683,895613566
895613572,battle_895613572.json,217533,461,895613572
895613573,battle_895613573.json,173705,371,895613573
895613575,battle_895613575.json,163319,349,895613575
895613576,battle_895613576.json,169973,363,895613576
895613586,battle_895613586.json,135022,291,895613586
895613587,battle_895613587.json,146079,313,895613587
895613592,battle_895613592.json,229840,467,895613592
895613593,battle_895613593.json,297157,605,895613593
895613598,battle_895613598.json,139453,297,895613598
895613599,battle_895613599.json,162771,347,895613599
895613604,battle_895613604.json,161570,349,895613604
895613605,battle_895613605.json,180303,385,895613605
895613608,battle_895613608.json,307712,663,895613608
895613609,battle_895613609.json,163284,347,895613609
895613619,battle_895613619.json,173042,369,895613619
895613620,battle_895613620.json,222298,475,895613620
895613625,battle_895613625.json,106808,223,895613625
895613626,battle_895613626.json,291179,617,895613626
895613631,battle_895613631.json,232938,509,895613631
895613632,battle_895613632.json,186881,411,895613632
895613635,battle_895613635.json,216340,449,895613635
895613636,battle_895613636.json,191667,401,895613636
895613643,battle_895613643.json,142041,295,895613643
895613644,battle_895613644.json,153215,313,895613644
895613653,battle_895613653.json,202499,431,895613653
895613654,battle_895613654.json,192451,411,895613654
895613661,battle_895613661.json,229136,467,895613661
895613662,battle_895613662.json,232629,471,895613662
895613664,battle_895613664.json,328847,715,895613664
895613665,battle_895613665.json,342864,741,895613665
895613679,battle_895613679.json,288700,613,895613679
895613680,battle_895613680.json,278694,593,895613680
895613684,battle_895613684.json,304405,653,895613684
895613685,battle_895613685.json,302438,651,895613685
895613691,battle_895613691.json,194675,415,895613691
895613692,battle_895613692.json,237486,509,895613692
895613708,battle_895613708.json,176673,385,895613708
895613709,battle_895613709.json,209279,459,895613709
895613712,battle_895613712.json,220854,471,895613712
895613713,battle_895613713.json,177823,381,895613713
895613716,battle_895613716.json,354577,767,895613716
895613717,battle_895613717.json,298781,649,895613717
895613726,battle_895613726.json,139629,303,895613726
895613727,battle_895613727.json,124399,273,895613727
895613729,battle_895613729.json,167927,363,895613729
895613730,battle_895613730.json,215270,471,895613730
895613739,battle_895613739.json,186559,405,895613739
895613740,battle_895613740.json,147544,317,895613740
895613746,battle_895613746.json,276454,583,895613746
895613747,battle_895613747.json,349721,733,895613747
895613775,battle_895613775.json,165603,317,895613775
895613776,battle_895613776.json,190424,363,895613776
895613779,battle_895613779.json,235949,513,895613779
895613780,battle_895613780.json,219977,481,895613780
895613784,battle_895613784.json,195090,427,895613784
895613785,battle_895613785.json,224650,491,895613785
895613797,battle_895613797.json,372804,809,895613797
895613798,battle_895613798.json,430624,931,895613798
895613813,battle_895613813.json,221988,487,895613813
895613814,battle_895613814.json,229910,507,895613814
895613823,battle_895613823.json,343034,705,895613823
895613824,battle_895613824.json,345725,711,895613824
895613833,battle_895613833.json,257973,561,895613833
895613834,battle_895613834.json,331668,721,895613834
895613857,battle_895613857.json,335259,735,895613857
895613858,battle_895613858.json,281071,619,895613858
895613878,battle_895613878.json,191436,415,895613878
895613879,battle_895613879.json,171515,373,895613879
895613890,battle_895613890.json,292604,615,895613890
895613891,battle_895613891.json,230635,485,895613891
895613907,battle_895613907.json,141012,305,895613907
895613908,battle_895613908.json,130441,277,895613908
895613915,battle_895613915.json,281416,613,895613915
895613916,battle_895613916.json,246115,539,895613916
895613924,battle_895613924.json,363508,799,895613924
895613925,battle_895613925.json,320803,699,895613925
895613940,battle_895613940.json,258318,563,895613940
895613941,battle_895613941.json,232639,511,895613941
895613951,battle_895613951.json,139581,303,895613951
895613952,battle_895613952.json,241391,525,895613952
895613960,battle_895613960.json,346604,759,895613960
895613961,battle_895613961.json,344191,749,895613961
895613976,battle_895613976.json,92123,201,895613976
895613977,battle_895613977.json,106164,231,895613977
895613980,battle_895613980.json,379500,781,895613980
895613981,battle_895613981.json,482099,989,895613981
895613998,battle_895613998.json,162283,353,895613998
895613999,battle_895613999.json,144885,313,895613999
895614022,battle_895614022.json,353614,771,895614022
895614023,battle_895614023.json,332712,727,895614023
895614041,battle_895614041.json,136552,299,895614041
895614042,battle_895614042.json,138913,301,895614042
895614053,battle_895614053.json,257523,567,895614053
895614054,battle_895614054.json,213722,465,895614054
895614070,battle_895614070.json,261961,565,895614070
895614071,battle_895614071.json,281091,611,895614071
895614092,battle_895614092.json,318427,675,895614092
895614093,battle_895614093.json,313517,665,895614093
895614108,battle_895614108.json,302720,659,895614108
895614109,battle_895614109.json,211338,461,895614109
895614128,battle_895614128.json,211631,455,895614128
895614129,battle_895614129.json,248476,537,895614129
895614159,battle_895614159.json,375365,821,895614159
895614160,battle_895614160.json,298069,655,895614160
895614184,battle_895614184.json,285273,623,895614184
895614185,battle_895614185.json,239858,521,895614185
895614204,battle_895614204.json,185321,405,895614204
895614205,battle_895614205.json,209136,455,895614205
895614219,battle_895614219.json,158022,343,895614219
895614220,battle_895614220.json,182498,397,895614220
895614232,battle_895614232.json,223100,487,895614232
895614233,battle_895614233.json,206265,453,895614233
895614247,battle_895614247.json,245675,527,895614247
895614248,battle_895614248.json,97943,211,895614248
895614259,battle_895614259.json,281318,613,895614259
895614260,battle_895614260.json,308158,671,895614260
895614287,battle_895614287.json,235035,507,895614287
895614288,battle_895614288.json,249357,541,895614288
895614306,battle_895614306.json,264408,581,895614306
895614307,battle_895614307.json,251964,553,895614307
895614319,battle_895614319.json,338949,741,895614319
895614320,battle_895614320.json,360850,783,895614320
895614346,battle_895614346.json,296782,645,895614346
895614347,battle_895614347.json,250443,545,895614347
895614377,battle_895614377.json,156494,319,895614377
895614378,battle_895614378.json,288121,591,895614378
895614400,battle_895614400.json,252262,551,895614400
895614401,battle_895614401.json,230783,505,895614401
895614417,battle_895614417.json,261205,569,895614417
895614418,battle_895614418.json,200712,439,895614418
895614432,battle_895614432.json,165295,353,895614432
895614433,battle_895614433.json,222876,473,895614433
895628146,battle_895628146.json,131967,283,895628146
895628147,battle_895628147.json,349448,759,895628147
895628184,battle_895628184.json,287112,629,895628184
895628185,battle_895628185.json,298378,655,895628185
895628299,battle_895628299.json,266291,579,895628299
895628300,battle_895628300.json,277503,597,895628300
895628333,battle_895628333.json,386682,739,895628333
895628334,battle_895628334.json,294081,563,895628334
895628379,battle_895628379.json,363178,779,895628379
895628380,battle_895628380.json,377146,809,895628380
895628398,battle_895628398.json,241229,519,895628398
895628399,battle_895628399.json,317479,681,895628399
895628441,battle_895628441.json,216542,457,895628441
895628442,battle_895628442.json,261340,555,895628442
895628485,battle_895628485.json,293200,641,895628485
895628486,battle_895628486.json,252608,553,895628486
895628516,battle_895628516.json,240783,503,895628516
895628517,battle_895628517.json,246272,515,895628517
895628540,battle_895628540.json,325196,697,895628540
895628541,battle_895628541.json,370089,797,895628541
895628603,battle_895628603.json,273945,579,895628603
895628604,battle_895628604.json,253768,531,895628604
895628645,battle_895628645.json,252192,529,895628645
895628646,battle_895628646.json,277183,577,895628646
895628684,battle_895628684.json,229952,505,895628684
895628685,battle_895628685.json,271204,595,895628685
895628727,battle_895628727.json,86010,187,895628727
895628728,battle_895628728.json,194778,423,895628728
895628765,battle_895628765.json,441640,845,895628765
895628766,battle_895628766.json,312181,599,895628766
895628801,battle_895628801.json,256962,561,895628801
895628802,battle_895628802.json,238533,519,895628802
895628841,battle_895628841.json,146646,315,895628841
895628842,battle_895628842.json,165988,359,895628842
895628890,battle_895628890.json,197113,429,895628890
895628891,battle_895628891.json,109816,239,895628891
895628933,battle_895628933.json,179430,393,895628933
895628934,battle_895628934.json,204184,443,895628934
895628976,battle_895628976.json,150112,329,895628976
895628977,battle_895628977.json,140374,305,895628977
895629002,battle_895629002.json,396068,847,895629002
895629003,battle_895629003.json,386682,837,895629003
895629071,battle_895629071.json,186678,405,895629071
895629072,battle_895629072.json,214187,467,895629072
895629126,battle_895629126.json,216999,475,895629126
895629127,battle_895629127.json,225359,489,895629127
895629215,battle_895629215.json,158333,337,895629215
895629216,battle_895629216.json,165161,347,895629216
895629236,battle_895629236.json,190209,399,895629236
895629237,battle_895629237.json,268936,567,895629237
895629277,battle_895629277.json,256776,547,895629277
895629278,battle_895629278.json,393978,837,895629278
895629303,battle_895629303.json,185664,379,895629303
895629304,battle_895629304.json,261341,531,895629304
895629342,battle_895629342.json,395423,861,895629342
895629343,battle_895629343.json,329319,723,895629343
895629422,battle_895629422.json,377678,813,895629422
895629423,battle_895629423.json,295552,637,895629423
895629479,battle_895629479.json,478605,909,895629479
895629480,battle_895629480.json,456494,875,895629480
895629545,battle_895629545.json,282343,617,895629545
895629546,battle_895629546.json,256215,559,895629546
895629563,battle_895629563.json,172356,371,895629563
895629564,battle_895629564.json,125778,271,895629564
895629579,battle_895629579.json,409621,785,895629579
895629580,battle_895629580.json,328308,621,895629580
895629625,battle_895629625.json,101193,221,895629625
895629626,battle_895629626.json,109473,235,895629626
895629656,battle_895629656.json,284504,619,895629656
895629658,battle_895629658.json,302337,659,895629658
895629733,battle_895629733.json,373732,815,895629733
895629734,battle_895629734.json,356127,777,895629734
895629844,battle_895629844.json,371894,711,895629844
895629845,battle_895629845.json,476933,907,895629845
895629926,battle_895629926.json,299391,659,895629926
895629927,battle_895629927.json,174615,385,895629927
895629994,battle_895629994.json,383973,839,895629994
895629995,battle_895629995.json,362419,795,895629995
895630052,battle_895630052.json,427016,811,895630052
895630053,battle_895630053.json,485587,921,895630053
895630147,battle_895630147.json,201074,437,895630147
895630148,battle_895630148.json,209172,453,895630148
895630198,battle_895630198.json,211272,465,895630198
895630199,battle_895630199.json,210260,465,895630199
895630231,battle_895630231.json,240423,525,895630231
895630232,battle_895630232.json,210771,463,895630232
895630315,battle_895630315.json,200299,433,895630315
895630316,battle_895630316.json,185952,407,895630316
895630370,battle_895630370.json,238645,515,895630370
895630371,battle_895630371.json,14404,29,895630371
895630437,battle_895630437.json,289274,551,895630437
895630438,battle_895630438.json,273017,517,895630438
895630499,battle_895630499.json,242698,525,895630499
895630500,battle_895630500.json,104534,223,895630500
895630579,battle_895630579.json,127972,277,895630579
895630580,battle_895630580.json,230287,499,895630580
895630646,battle_895630646.json,207705,443,895630646
895630647,battle_895630647.json,219095,465,895630647
895630718,battle_895630718.json,340271,739,895630718
895630719,battle_895630719.json,250829,545,895630719
895630793,battle_895630793.json,191151,421,895630793
895630794,battle_895630794.json,189222,417,895630794
895630847,battle_895630847.json,258171,563,895630847
895630848,battle_895630848.json,237161,519,895630848
895630910,battle_895630910.json,305722,667,895630910
895630911,battle_895630911.json,244003,533,895630911
895630985,battle_895630985.json,159802,349,895630985
895630986,battle_895630986.json,140331,305,895630986
895631026,battle_895631026.json,207983,395,895631026
895631027,battle_895631027.json,347576,665,895631027
895631122,battle_895631122.json,155300,337,895631122
895631123,battle_895631123.json,162808,353,895631123
895631178,battle_895631178.json,214602,463,895631178
895631179,battle_895631179.json,166277,363,895631179
895631231,battle_895631231.json,171662,347,895631231
895631232,battle_895631232.json,147219,295,895631232
895631279,battle_895631279.json,300804,627,895631279
895631280,battle_895631280.json,260015,541,895631280
895631357,battle_895631357.json,140549,267,895631357
895631358,battle_895631358.json,152885,293,895631358
895631387,battle_895631387.json,164809,313,895631387
895631388,battle_895631388.json,155858,293,895631388
895631421,battle_895631421.json,376656,821,895631421
895631422,battle_895631422.json,398761,867,895631422
895631503,battle_895631503.json,244060,467,895631503
895631504,battle_895631504.json,193872,369,895631504
895631550,battle_895631550.json,206497,449,895631550
895631551,battle_895631551.json,185665,403,895631551
895631586,battle_895631586.json,223596,485,895631586
895631587,battle_895631587.json,165149,359,895631587
895631622,battle_895631622.json,363899,751,895631622
895631623,battle_895631623.json,352391,727,895631623
895631683,battle_895631683.json,227776,489,895631683
895631684,battle_895631684.json,222497,479,895631684
895631720,battle_895631720.json,209100,457,895631720
895631721,battle_895631721.json,209887,455,895631721
895631783,battle_895631783.json,233886,495,895631783
895631784,battle_895631784.json,145990,311,895631784
895631814,battle_895631814.json,439605,961,895631814
895631815,battle_895631815.json,172224,373,895631815
895631854,battle_895631854.json,283724,577,895631854
895631855,battle_895631855.json,239200,491,895631855
895631915,battle_895631915.json,232529,507,895631915
895631916,battle_895631916.json,222827,489,895631916
895631950,battle_895631950.json,13284,27,895631950
895631951,battle_895631951.json,308708,679,895631951
895632003,battle_895632003.json,175279,383,895632003
895632004,battle_895632004.json,174733,381,895632004
895632033,battle_895632033.json,289267,623,895632033
895632034,battle_895632034.json,295876,645,895632034
895632074,battle_895632074.json,246854,539,895632074
895632075,battle_895632075.json,278903,611,895632075
895632129,battle_895632129.json,258964,555,895632129
895632130,battle_895632130.json,274013,583,895632130
895632160,battle_895632160.json,391982,853,895632160
895632161,battle_895632161.json,393939,853,895632161
895632223,battle_895632223.json,186055,407,895632223
895632224,battle_895632224.json,226343,493,895632224
895632264,battle_895632264.json,151810,331,895632264
895632265,battle_895632265.json,161344,351,895632265
895632295,battle_895632295.json,341100,741,895632295
895632296,battle_895632296.json,305651,671,895632296
895632334,battle_895632334.json,189421,391,895632334
895632335,battle_895632335.json,157130,325,895632335
895632362,battle_895632362.json,97583,201,895632362
895632363,battle_895632363.json,281730,589,895632363
895632384,battle_895632384.json,275272,567,895632384
895632385,battle_895632385.json,140759,289,895632385
895632419,battle_895632419.json,326775,719,895632419
895632420,battle_895632420.json,277497,611,895632420
895632484,battle_895632484.json,137943,299,895632484
895632485,battle_895632485.json,148793,323,895632485
895635841,battle_895635841.json,327124,627,895635841
895635842,battle_895635842.json,374378,715,895635842
895635843,battle_895635843.json,103299,221,895635843
895635844,battle_895635844.json,221861,481,895635844
895635845,battle_895635845.json,254191,555,895635845
895635846,battle_895635846.json,227206,497,895635846
895635847,battle_895635847.json,112846,217,895635847
895635848,battle_895635848.json,97448,191,895635848
895635849,battle_895635849.json,2178,3,895635849
895635850,battle_895635850.json,2184,3,895635850
895635851,battle_895635851.json,166218,365,895635851
895635852,battle_895635852.json,103122,225,895635852
895635853,battle_895635853.json,109078,233,895635853
895635854,battle_895635854.json,115960,247,895635854
895635855,battle_895635855.json,113101,241,895635855
895635856,battle_895635856.json,144641,311,895635856
895635857,battle_895635857.json,96630,207,895635857
895635858,battle_895635858.json,109274,233,895635858
895635859,battle_895635859.json,2134,3,895635859
895635860,battle_895635860.json,2124,3,895635860
895635906,battle_895635906.json,180882,387,895635906
895635907,battle_895635907.json,156120,333,895635907
895635940,battle_895635940.json,131743,285,895635940
895635941,battle_895635941.json,133098,285,895635941
895635965,battle_895635965.json,166308,363,895635965
895635966,battle_895635966.json,120292,261,895635966
895635977,battle_895635977.json,121610,265,895635977
895635978,battle_895635978.json,162122,353,895635978
895635990,battle_895635990.json,169883,371,895635990
895635991,battle_895635991.json,209533,453,895635991
895636010,battle_895636010.json,227479,499,895636010
895636011,battle_895636011.json,153952,335,895636011
895636028,battle_895636028.json,276000,601,895636028
895636029,battle_895636029.json,288889,629,895636029
895636046,battle_895636046.json,135531,289,895636046
895636047,battle_895636047.json,171907,365,895636047
895636057,battle_895636057.json,159021,317,895636057
895636058,battle_895636058.json,169395,337,895636058
895636071,battle_895636071.json,101073,223,895636071
895636072,battle_895636072.json,123848,273,895636072
895636082,battle_895636082.json,235599,521,895636082
895636083,battle_895636083.json,287196,633,895636083
895636112,battle_895636112.json,256570,559,895636112
895636113,battle_895636113.json,301346,657,895636113
895636130,battle_895636130.json,149284,327,895636130
895636131,battle_895636131.json,222022,487,895636131
895636145,battle_895636145.json,359576,687,895636145
895636146,battle_895636146.json,260281,497,895636146
895636180,battle_895636180.json,135019,259,895636180
895636181,battle_895636181.json,167327,321,895636181
895636187,battle_895636187.json,232479,471,895636187
895636188,battle_895636188.json,197549,401,895636188
895636210,battle_895636210.json,243391,531,895636210
895636211,battle_895636211.json,206228,449,895636211
895636223,battle_895636223.json,235354,505,895636223
895636224,battle_895636224.json,259704,561,895636224
895636239,battle_895636239.json,174840,383,895636239
895636240,battle_895636240.json,144442,315,895636240
895636253,battle_895636253.json,227045,491,895636253
895636254,battle_895636254.json,291498,635,895636254
895636279,battle_895636279.json,118908,257,895636279
895636280,battle_895636280.json,108698,235,895636280
895636289,battle_895636289.json,136997,281,895636289
895636290,battle_895636290.json,160668,331,895636290
895636302,battle_895636302.json,254934,541,895636302
895636303,battle_895636303.json,274425,589,895636303
895636316,battle_895636316.json,163428,355,895636316
895636317,battle_895636317.json,129066,279,895636317
895636328,battle_895636328.json,337997,741,895636328
895636329,battle_895636329.json,329878,715,895636329
895636412,battle_895636412.json,185407,401,895636412
895636413,battle_895636413.json,173724,373,895636413
895636429,battle_895636429.json,246399,537,895636429
895636430,battle_895636430.json,268673,585,895636430
895636453,battle_895636453.json,127772,267,895636453
895636454,battle_895636454.json,271623,565,895636454
895636459,battle_895636459.json,265349,575,895636459
895636460,battle_895636460.json,225815,491,895636460
895636481,battle_895636481.json,216224,475,895636481
895636482,battle_895636482.json,283246,623,895636482
895636493,battle_895636493.json,371666,801,895636493
895636494,battle_895636494.json,264083,571,895636494
895636511,battle_895636511.json,153023,333,895636511
895636512,battle_895636512.json,143817,311,895636512
895636521,battle_895636521.json,426343,935,895636521
895636522,battle_895636522.json,326952,719,895636522
895636548,battle_895636548.json,247591,543,895636548
895636549,battle_895636549.json,178212,391,895636549
895636565,battle_895636565.json,348863,761,895636565
895636566,battle_895636566.json,391270,849,895636566
895636594,battle_895636594.json,215014,469,895636594
895636595,battle_895636595.json,221407,487,895636595
895636616,battle_895636616.json,303051,659,895636616
895636617,battle_895636617.json,244166,531,895636617
895636653,battle_895636653.json,274910,605,895636653
895636654,battle_895636654.json,275232,599,895636654
895636684,battle_895636684.json,182106,375,895636684
895636685,battle_895636685.json,147872,307,895636685
895636697,battle_895636697.json,124906,273,895636697
895636698,battle_895636698.json,124444,273,895636698
895636720,battle_895636720.json,256604,559,895636720
895636721,battle_895636721.json,243091,529,895636721
895636739,battle_895636739.json,384799,779,895636739
895636740,battle_895636740.json,315803,643,895636740
895636784,battle_895636784.json,284496,617,895636784
895636785,battle_895636785.json,273701,591,895636785
895636805,battle_895636805.json,153448,339,895636805
895636806,battle_895636806.json,273140,599,895636806
895636850,battle_895636850.json,291904,615,895636850
895636851,battle_895636851.json,241090,507,895636851
895636899,battle_895636899.json,147179,315,895636899
895636900,battle_895636900.json,143358,309,895636900
895636939,battle_895636939.json,217553,475,895636939
895636940,battle_895636940.json,281462,615,895636940
895636986,battle_895636986.json,341713,749,895636986
895636987,battle_895636987.json,368832,809,895636987
895637020,battle_895637020.json,304660,651,895637020
895637021,battle_895637021.json,272198,579,895637021
895637059,battle_895637059.json,107501,231,895637059
895637060,battle_895637060.json,106753,227,895637060
895637073,battle_895637073.json,181861,395,895637073
895637074,battle_895637074.json,153235,331,895637074
895637102,battle_895637102.json,164952,349,895637102
895637103,battle_895637103.json,177886,377,895637103
895637129,battle_895637129.json,203936,435,895637129
895637130,battle_895637130.json,234732,501,895637130
895637156,battle_895637156.json,247185,519,895637156
895637157,battle_895637157.json,240962,505,895637157
895637177,battle_895637177.json,228509,499,895637177
895637178,battle_895637178.json,252709,551,895637178
895637209,battle_895637209.json,156168,337,895637209
895637210,battle_895637210.json,122208,263,895637210
895637220,battle_895637220.json,300655,631,895637220
895637221,battle_895637221.json,231894,489,895637221
895637245,battle_895637245.json,314679,667,895637245
895637246,battle_895637246.json,316001,673,895637246
895637276,battle_895637276.json,103097,225,895637276
895637277,battle_895637277.json,217485,471,895637277
895637302,battle_895637302.json,198006,433,895637302
895637303,battle_895637303.json,324313,709,895637303
895637317,battle_895637317.json,351430,709,895637317
895637318,battle_895637318.json,361623,733,895637318
895637363,battle_895637363.json,395812,863,895637363
895637364,battle_895637364.json,233760,509,895637364
895637389,battle_895637389.json,231074,467,895637389
895637390,battle_895637390.json,269849,553,895637390
895637418,battle_895637418.json,265968,581,895637418
895637419,battle_895637419.json,228583,497,895637419
895637446,battle_895637446.json,179330,389,895637446
895637447,battle_895637447.json,147822,321,895637447
895637467,battle_895637467.json,178847,389,895637467
895637468,battle_895637468.json,170956,371,895637468
895637482,battle_895637482.json,220813,483,895637482
895637483,battle_895637483.json,207108,449,895637483
895637498,battle_895637498.json,179964,393,895637498
895637499,battle_895637499.json,165457,361,895637499
895637524,battle_895637524.json,172420,355,895637524
895637525,battle_895637525.json,154380,319,895637525
895637539,battle_895637539.json,125394,271,895637539
895637540,battle_895637540.json,134994,295,895637540
895637549,battle_895637549.json,239845,487,895637549
895637550,battle_895637550.json,291635,593,895637550
895637576,battle_895637576.json,136413,279,895637576
895637577,battle_895637577.json,133382,273,895637577
895637591,battle_895637591.json,253142,521,895637591
895637592,battle_895637592.json,293310,603,895637592
895637634,battle_895637634.json,377001,817,895637634
895637635,battle_895637635.json,286866,623,895637635
895637677,battle_895637677.json,262764,569,895637677
895637678,battle_895637678.json,279335,607,895637678
895637719,battle_895637719.json,270197,585,895637719
895637720,battle_895637720.json,295605,641,895637720
895637756,battle_895637756.json,177121,385,895637756
895637757,battle_895637757.json,200219,433,895637757
895637773,battle_895637773.json,360773,741,895637773
895637774,battle_895637774.json,472282,973,895637774
895637819,battle_895637819.json,262485,551,895637819
895637820,battle_895637820.json,170018,359,895637820
895637858,battle_895637858.json,260581,565,895637858
895637859,battle_895637859.json,267280,579,895637859
895637892,battle_895637892.json,123302,253,895637892
895637893,battle_895637893.json,179979,367,895637893
895637918,battle_895637918.json,232286,505,895637918
895637919,battle_895637919.json,232909,511,895637919
895637953,battle_895637953.json,180683,389,895637953
895637954,battle_895637954.json,101330,219,895637954
895637994,battle_895637994.json,128484,277,895637994
895637995,battle_895637995.json,181120,395,895637995
895638022,battle_895638022.json,203451,443,895638022
895638023,battle_895638023.json,213909,467,895638023
895638060,battle_895638060.json,190325,417,895638060
895638061,battle_895638061.json,219727,481,895638061
895638097,battle_895638097.json,227597,495,895638097
895638098,battle_895638098.json,217640,475,895638098
895638128,battle_895638128.json,304452,589,895638128
895638129,battle_895638129.json,394975,761,895638129
895638168,battle_895638168.json,262598,575,895638168
895638169,battle_895638169.json,318243,695,895638169
895638212,battle_895638212.json,223825,429,895638212
895638213,battle_895638213.json,267775,513,895638213
895638248,battle_895638248.json,123820,271,895638248
895638249,battle_895638249.json,121759,261,895638249
895638270,battle_895638270.json,235216,497,895638270
895638271,battle_895638271.json,265128,561,895638271
895638310,battle_895638310.json,118396,245,895638310
895638311,battle_895638311.json,152498,319,895638311
895638324,battle_895638324.json,253778,553,895638324
895638325,battle_895638325.json,205130,447,895638325
895638372,battle_895638372.json,279833,613,895638372
895638373,battle_895638373.json,264030,571,895638373
895638414,battle_895638414.json,226353,493,895638414
895638415,battle_895638415.json,214057,465,895638415
895638473,battle_895638473.json,178465,375,895638473
895638474,battle_895638474.json,221482,467,895638474
895638504,battle_895638504.json,248946,543,895638504
895638505,battle_895638505.json,295465,645,895638505
895638552,battle_895638552.json,199313,415,895638552
895638553,battle_895638553.json,205378,433,895638553
895638574,battle_895638574.json,274516,525,895638574
895638575,battle_895638575.json,213855,409,895638575
895688983,battle_895688983.json,125324,241,895688983
895688984,battle_895688984.json,147320,285,895688984
895689649,battle_895689649.json,194341,425,895689649
895689650,battle_895689650.json,166675,367,895689650
895706301,battle_895706301.json,101233,211,895706301
895706302,battle_895706302.json,101041,211,895706302
